cell,object_index,master_index,id
"dagon urul region (14, 18)",7628,0,ex_t_rock_coastal_01
"dagon urul region (14, 18)",7629,0,ex_t_rock_coastal_01
"dagon urul region (14, 19)",7552,0,terrain_rock_ac_08
"dagon urul region (14, 19)",7553,0,terrain_rock_ac_11
"dagon urul region (14, 19)",7556,0,terrain_rock_ac_11
"dagon urul region (14, 19)",7558,0,flora_tree_ac_01
"dagon urul region (14, 19)",7559,0,flora_tree_ac_03
"dagon urul region (14, 19)",7560,0,terrain_rock_ac_08
"dagon urul region (14, 19)",7561,0,terrain_rock_ac_11
"dagon urul region (14, 19)",7567,0,terrain_rock_ac_11
"dagon urul region (14, 19)",7594,0,terrain_rock_ac_08
"dagon urul region (14, 19)",7595,0,ex_t_rock_coastal_02
"dagon urul region (14, 19)",7596,0,ex_t_rock_coastal_02
"dagon urul region (14, 19)",7597,0,ex_t_rock_coastal_01
"dagon urul region (14, 19)",7598,0,ex_t_rock_coastal_01
"dagon urul region (14, 19)",7599,0,ex_t_rock_coastal_02
"dagon urul region (14, 19)",7602,0,terrain_rock_ac_11
"dagon urul region (14, 20)",7503,0,terrain_rock_ac_11
"dagon urul region (14, 20)",7517,0,terrain_rock_ac_07
"dagon urul region (14, 20)",7522,0,terrain_rock_ac_07
"dagon urul region (14, 20)",7523,0,terrain_rock_ac_05
"dagon urul region (14, 20)",7525,0,flora_tree_ac_02
"dagon urul region (14, 20)",7526,0,flora_tree_ac_03
"dagon urul region (14, 20)",7527,0,terrain_rock_ac_09
"dagon urul region (14, 20)",7528,0,terrain_rock_ac_05
"dagon urul region (14, 20)",7538,0,terrain_rock_ac_11
"dagon urul region (14, 20)",7545,0,terrain_rock_ac_09
"dagon urul region (14, 20)",7549,0,terrain_rock_ac_10
"dagon urul region (14, 20)",7550,0,terrain_rock_ac_03
"dagon urul region (14, 20)",7551,0,terrain_rock_ac_07
"dagon urul region (15, 16)",7196,0,terrain_rock_ac_11
"dagon urul region (15, 16)",7207,0,terrain_rock_ac_11
"dagon urul region (15, 17)",7182,0,terrain_rock_ac_10
"dagon urul region (15, 18)",7164,0,terrain_rock_ac_10
"dagon urul region (15, 18)",7165,0,terrain_rock_ac_10
"dagon urul region (15, 18)",7173,0,terrain_rock_ac_07
"dagon urul region (15, 18)",7174,0,terrain_rock_ac_11
"dagon urul region (15, 18)",7175,0,terrain_rock_ac_12
"dagon urul region (15, 18)",7176,0,terrain_rock_ac_08
"dagon urul region (15, 19)",330873,0,terrain_rock_ac_04
"dagon urul region (15, 19)",330874,0,terrain_rock_ac_11
"dagon urul region (15, 19)",330875,0,terrain_rock_ac_04
"dagon urul region (15, 19)",330876,0,terrain_rock_ac_04
"dagon urul region (15, 19)",330878,0,terrain_rock_ac_04
"dagon urul region (15, 19)",330879,0,terrain_rock_ac_11
"dagon urul region (15, 19)",330880,0,terrain_rock_ac_10
"dagon urul region (15, 19)",330881,0,terrain_rock_ac_04
"dagon urul region (15, 19)",330882,0,terrain_rock_ac_11
"dagon urul region (15, 19)",330886,0,terrain_rock_ac_12
"dagon urul region (15, 19)",330888,0,terrain_rock_ac_08
"dagon urul region (15, 19)",330893,0,terrain_rock_ac_05
"dagon urul region (15, 19)",330894,0,terrain_rock_ac_09
"dagon urul region (15, 19)",330898,0,terrain_rock_ac_11
"dagon urul region (15, 19)",330899,0,terrain_rock_ac_07
"dagon urul region (15, 19)",330900,0,terrain_rock_ac_01
"dagon urul region (15, 19)",330901,0,terrain_rock_ac_12
"dagon urul region (15, 19)",330902,0,terrain_rock_ac_06
"dagon urul region (15, 19)",330904,0,terrain_rock_ac_12
"dagon urul region (15, 19)",330905,0,terrain_rock_ac_07
"dagon urul region (15, 19)",330908,0,terrain_rock_ac_12
"dagon urul region (15, 19)",330909,0,terrain_rock_ac_09
"dagon urul region (15, 19)",330910,0,terrain_rock_ac_01
"dagon urul region (15, 19)",330911,0,terrain_rock_ac_01
"dagon urul region (15, 19)",330912,0,terrain_rock_ac_05
"dagon urul region (15, 19)",330913,0,terrain_rock_ac_12
"dagon urul region (15, 19)",330914,0,terrain_rock_ac_12
"dagon urul region (15, 19)",330916,0,terrain_rock_ac_07
"dagon urul region (15, 19)",330917,0,terrain_rock_ac_07
"dagon urul region (15, 19)",330918,0,terrain_rock_ac_09
"dagon urul region (15, 19)",330921,0,terrain_rock_ac_09
"dagon urul region (15, 19)",330922,0,terrain_rock_ac_12
"dagon urul region (15, 19)",330924,0,terrain_rock_ac_05
"dagon urul region (15, 19)",330925,0,flora_tree_ac_01
"dagon urul region (15, 19)",330926,0,flora_tree_ac_04
"dagon urul region (15, 19)",330927,0,flora_tree_ac_01
"dagon urul region (15, 19)",330928,0,flora_tree_ac_02
"dagon urul region (15, 19)",330929,0,flora_tree_ac_03
"dagon urul region (15, 19)",330930,0,flora_tree_ac_03
"dagon urul region (15, 19)",330931,0,flora_tree_ac_02
"dagon urul region (15, 19)",330932,0,flora_tree_ac_02
"dagon urul region (15, 19)",330933,0,flora_tree_ac_02
"dagon urul region (15, 19)",330934,0,flora_tree_ac_03
"dagon urul region (15, 20)",325805,0,terrain_rock_ac_05
"dagon urul region (15, 20)",325806,0,terrain_rock_ac_09
"dagon urul region (15, 20)",325807,0,terrain_rock_ac_11
"dagon urul region (15, 20)",325812,0,terrain_rock_ac_11
"dagon urul region (15, 20)",325813,0,terrain_rock_ac_09
"dagon urul region (15, 20)",325814,0,terrain_rock_ac_07
"dagon urul region (15, 20)",325815,0,terrain_rock_ac_09
"dagon urul region (15, 20)",325817,0,terrain_rock_ac_07
"dagon urul region (15, 20)",325818,0,terrain_rock_ac_05
"dagon urul region (15, 20)",325819,0,flora_tree_ac_04
"dagon urul region (15, 20)",325820,0,flora_tree_ac_03
"dagon urul region (16, 16)",6740,0,terrain_rock_ac_12
"dagon urul region (16, 16)",6741,0,terrain_rock_ac_10
"dagon urul region (16, 16)",6742,0,terrain_rock_ac_12
"dagon urul region (16, 16)",6743,0,terrain_rock_ac_11
"dagon urul region (16, 16)",6744,0,terrain_rock_ac_12
"dagon urul region (16, 16)",6745,0,terrain_rock_ac_12
"dagon urul region (16, 16)",6749,0,flora_tree_ac_03
"dagon urul region (16, 16)",6756,0,ex_t_rock_coastal_02
"dagon urul region (16, 16)",6757,0,ex_t_rock_coastal_02
"dagon urul region (16, 16)",6758,0,ex_t_rock_coastal_01
"dagon urul region (16, 16)",6759,0,ex_t_rock_coastal_02
"dagon urul region (16, 16)",6760,0,ex_t_rock_coastal_01
"dagon urul region (16, 16)",6761,0,ex_t_rock_coastal_01
"dagon urul region (16, 16)",6762,0,ex_t_rock_coastal_02
"dagon urul region (16, 16)",6763,0,ex_t_rock_coastal_01
"dagon urul region (16, 16)",6764,0,ex_t_rock_coastal_02
"dagon urul region (16, 16)",6772,0,terrain_rock_ac_10
"dagon urul region (16, 16)",6773,0,terrain_rock_ac_12
"dagon urul region (16, 16)",6778,0,terrain_rock_ac_11
"dagon urul region (16, 16)",6779,0,terrain_rock_ac_10
"dagon urul region (16, 16)",6781,0,terrain_rock_ac_10
"dagon urul region (16, 16)",6782,0,terrain_rock_ac_12
"dagon urul region (16, 16)",6784,0,terrain_rock_ac_05
"dagon urul region (16, 16)",6785,0,terrain_rock_ac_11
"dagon urul region (16, 16)",6789,0,terrain_rock_ac_11
"dagon urul region (16, 16)",6790,0,terrain_rock_ac_07
"dagon urul region (16, 16)",6792,0,flora_tree_ac_01
"dagon urul region (16, 17)",6647,0,terrain_rock_ac_11
"dagon urul region (16, 17)",6649,0,terrain_rock_ac_11
"dagon urul region (16, 17)",6650,0,terrain_rock_ac_11
"dagon urul region (16, 17)",6652,0,terrain_rock_ac_11
"dagon urul region (16, 17)",6655,0,terrain_rock_ac_11
"dagon urul region (16, 17)",6656,0,terrain_rock_ac_07
"dagon urul region (16, 17)",6657,0,terrain_rock_ac_07
"dagon urul region (16, 17)",6658,0,terrain_rock_ac_07
"dagon urul region (16, 17)",6659,0,terrain_rock_ac_07
"dagon urul region (16, 17)",6664,0,terrain_rock_ac_11
"dagon urul region (16, 17)",6665,0,terrain_rock_ac_11
"dagon urul region (16, 17)",6666,0,terrain_rock_ac_03
"dagon urul region (16, 17)",6669,0,terrain_rock_ac_03
"dagon urul region (16, 17)",6670,0,terrain_rock_ac_11
"dagon urul region (16, 17)",6672,0,terrain_rock_ac_05
"dagon urul region (16, 17)",6674,0,terrain_rock_ac_03
"dagon urul region (16, 17)",6675,0,terrain_rock_ac_11
"dagon urul region (16, 17)",6677,0,terrain_rock_ac_07
"dagon urul region (16, 17)",6678,0,terrain_rock_ac_05
"dagon urul region (16, 17)",6682,0,terrain_rock_ac_07
"dagon urul region (16, 17)",6683,0,terrain_rock_ac_03
"dagon urul region (16, 17)",6684,0,terrain_rock_ac_07
"dagon urul region (16, 17)",6685,0,terrain_rock_ac_12
"dagon urul region (16, 17)",6686,0,terrain_rock_ac_10
"dagon urul region (16, 17)",6694,0,terrain_rock_ac_03
"dagon urul region (16, 17)",6697,0,flora_tree_ac_01
"dagon urul region (16, 17)",6698,0,flora_tree_ac_02
"dagon urul region (16, 17)",6699,0,flora_tree_ac_03
"dagon urul region (16, 17)",6700,0,terrain_rock_ac_08
"dagon urul region (16, 17)",6701,0,terrain_rock_ac_05
"dagon urul region (16, 17)",6702,0,terrain_rock_ac_07
"dagon urul region (16, 17)",6703,0,flora_tree_ac_04
"dagon urul region (16, 17)",6704,0,flora_tree_ac_03
"dagon urul region (16, 17)",6705,0,flora_tree_ac_03
"dagon urul region (16, 17)",6724,0,terrain_rock_ac_07
"dagon urul region (16, 18)",330982,0,terrain_rock_ac_07
"dagon urul region (16, 18)",330983,0,terrain_rock_ac_07
"dagon urul region (16, 18)",330984,0,terrain_rock_ac_10
"dagon urul region (16, 18)",330985,0,terrain_rock_ac_10
"dagon urul region (16, 18)",330986,0,terrain_rock_ac_07
"dagon urul region (16, 18)",330987,0,terrain_rock_ac_07
"dagon urul region (16, 18)",330990,0,terrain_rock_ac_03
"dagon urul region (16, 18)",330991,0,flora_tree_ac_02
"dagon urul region (16, 18)",330992,0,t_mw_terrrockma_mtpeak_02
"dagon urul region (16, 18)",330997,0,terrain_rock_ac_07
"dagon urul region (16, 18)",330998,0,terrain_rock_ac_07
"dagon urul region (16, 18)",330999,0,terrain_rock_ac_11
"dagon urul region (16, 18)",331002,0,terrain_rock_ac_07
"dagon urul region (16, 18)",331005,0,terrain_rock_ac_05
"dagon urul region (16, 18)",331006,0,terrain_rock_ac_07
"dagon urul region (16, 18)",331007,0,terrain_rock_ac_05
"dagon urul region (16, 18)",331008,0,terrain_rock_ac_07
"dagon urul region (16, 18)",331009,0,terrain_rock_ac_07
"dagon urul region (16, 18)",331010,0,terrain_rock_ac_11
"dagon urul region (16, 18)",331013,0,terrain_rock_ac_07
"dagon urul region (16, 18)",331014,0,terrain_rock_ac_05
"dagon urul region (16, 18)",331015,0,terrain_rock_ac_01
"dagon urul region (16, 18)",331021,0,flora_tree_ac_03
"dagon urul region (16, 18)",331022,0,flora_tree_ac_02
"dagon urul region (16, 18)",331023,0,flora_tree_ac_02
"dagon urul region (16, 18)",331024,0,flora_tree_ac_04
"dagon urul region (16, 18)",331025,0,terrain_rock_ac_05
"dagon urul region (16, 18)",331026,0,terrain_rock_ac_01
"dagon urul region (16, 18)",331032,0,terrain_rock_ac_01
"dagon urul region (16, 18)",331033,0,terrain_rock_ac_02
"dagon urul region (16, 18)",331036,0,terrain_rock_ac_12
"dagon urul region (16, 18)",331037,0,terrain_rock_ac_04
"dagon urul region (16, 18)",331038,0,terrain_rock_ac_08
"dagon urul region (16, 18)",331040,0,terrain_rock_ac_08
"dagon urul region (16, 18)",331041,0,terrain_rock_ac_04
"dagon urul region (16, 18)",331042,0,terrain_rock_ac_11
"dagon urul region (16, 18)",331043,0,terrain_rock_ac_04
"dagon urul region (16, 18)",331044,0,terrain_rock_ac_01
"dagon urul region (16, 18)",331045,0,terrain_rock_ac_10
"dagon urul region (16, 18)",331046,0,terrain_rock_ac_11
"dagon urul region (16, 18)",331047,0,terrain_rock_ac_05
"dagon urul region (16, 18)",331051,0,terrain_rock_ac_01
"dagon urul region (16, 18)",331052,0,terrain_rock_ac_08
"dagon urul region (16, 19)",331077,0,terrain_rock_ac_08
"dagon urul region (16, 19)",331079,0,terrain_rock_ac_12
"dagon urul region (16, 19)",331080,0,terrain_rock_ac_04
"dagon urul region (16, 19)",331081,0,terrain_rock_ac_08
"dagon urul region (16, 19)",331082,0,terrain_rock_ac_12
"dagon urul region (16, 19)",331083,0,terrain_rock_ac_04
"dagon urul region (16, 19)",331085,0,terrain_rock_ac_11
"dagon urul region (16, 19)",331086,0,terrain_rock_ac_04
"dagon urul region (16, 19)",331087,0,terrain_rock_ac_11
"dagon urul region (16, 19)",331088,0,terrain_rock_ac_08
"dagon urul region (16, 19)",331105,0,terrain_rock_ac_09
"dagon urul region (16, 19)",331106,0,terrain_rock_ac_08
"dagon urul region (16, 19)",331110,0,terrain_rock_ac_11
"dagon urul region (16, 19)",331111,0,terrain_rock_ac_08
"dagon urul region (16, 19)",331112,0,terrain_rock_ac_11
"dagon urul region (16, 19)",331113,0,terrain_rock_ac_01
"dagon urul region (16, 19)",331114,0,terrain_rock_ac_09
"dagon urul region (16, 19)",331115,0,terrain_rock_ac_01
"dagon urul region (16, 19)",331116,0,terrain_rock_ac_02
"dagon urul region (16, 19)",331117,0,terrain_rock_ac_06
"dagon urul region (16, 19)",331118,0,terrain_rock_ac_03
"dagon urul region (16, 19)",331124,0,terrain_rock_ac_11
"dagon urul region (16, 19)",331125,0,terrain_rock_ac_09
"dagon urul region (16, 19)",331127,0,flora_tree_ac_02
"dagon urul region (16, 19)",331128,0,flora_tree_ac_02
"dagon urul region (16, 19)",331129,0,flora_tree_ac_03
"dagon urul region (16, 19)",331130,0,flora_tree_ac_04
"dagon urul region (16, 19)",331131,0,flora_tree_ac_02
"dagon urul region (16, 19)",331132,0,terrain_rock_ac_12
"dagon urul region (16, 19)",331136,0,flora_tree_ac_03
"dagon urul region (16, 19)",331149,0,terrain_rock_ac_08
"dagon urul region (16, 19)",331157,0,terrain_rock_ac_12
"dagon urul region (16, 19)",331158,0,terrain_rock_ac_08
"dagon urul region (16, 19)",331159,0,flora_tree_ac_02
"dagon urul region (16, 19)",331160,0,flora_tree_ac_01
"dagon urul region (16, 19)",331167,0,terrain_rock_ac_06
"dagon urul region (17, 14)",6301,0,ex_t_rock_coastal_01
"dagon urul region (17, 14)",6307,0,ex_t_rock_coastal_02
"dagon urul region (17, 14)",6310,0,flora_tree_ac_01
"dagon urul region (17, 14)",6311,0,terrain_rock_ac_07
"dagon urul region (17, 14)",6312,0,terrain_rock_ac_05
"dagon urul region (17, 14)",6313,0,terrain_rock_ac_12
"dagon urul region (17, 14)",6318,0,terrain_rock_ac_01
"dagon urul region (17, 14)",6346,0,terrain_rock_ac_05
"dagon urul region (17, 14)",6347,0,terrain_rock_ac_05
"dagon urul region (17, 14)",6348,0,terrain_rock_ac_01
"dagon urul region (17, 14)",6357,0,terrain_rock_ac_09
"dagon urul region (17, 14)",6359,0,terrain_rock_ac_05
"dagon urul region (17, 14)",6360,0,terrain_rock_ac_04
"dagon urul region (17, 14)",6362,0,terrain_rock_ac_08
"dagon urul region (17, 14)",6363,0,flora_tree_ac_03
"dagon urul region (17, 14)",6364,0,flora_tree_ac_02
"dagon urul region (17, 14)",6405,0,terrain_rock_ac_09
"dagon urul region (17, 14)",6410,0,terrain_rock_ac_08
"firewatch (17, 15)",36311,0,terrain_rock_ac_12
"firewatch (17, 15)",36359,0,terrain_rock_ac_12
"firewatch (17, 15)",36380,0,ex_t_rock_coastal_02
"firewatch (17, 15)",36400,0,flora_tree_ac_01
"firewatch (17, 15)",36442,0,terrain_rock_ac_09
"firewatch (17, 15)",36443,0,terrain_rock_ac_04
"firewatch (17, 15)",36607,0,terrain_rock_ac_02
"firewatch (17, 15)",36608,0,terrain_rock_ac_04
"firewatch (17, 15)",36646,0,flora_tree_ac_03
"firewatch (17, 15)",36647,0,terrain_rock_ac_05
"firewatch (17, 15)",36774,0,terrain_rock_ac_09
"firewatch (17, 15)",36780,0,ex_t_rock_coastal_02
"firewatch (17, 15)",36781,0,ex_t_rock_coastal_02
"dagon urul region (17, 16)",38085,0,ex_t_rock_coastal_02
"dagon urul region (17, 16)",38086,0,ex_t_rock_coastal_02
"dagon urul region (17, 16)",38087,0,ex_t_rock_coastal_02
"dagon urul region (17, 16)",38091,0,terrain_rock_ac_12
"dagon urul region (17, 16)",38094,0,terrain_rock_ac_12
"dagon urul region (17, 16)",38096,0,terrain_rock_ac_09
"dagon urul region (17, 16)",38097,0,terrain_rock_ac_12
"dagon urul region (17, 16)",38098,0,terrain_rock_ac_11
"dagon urul region (17, 16)",38104,0,terrain_rock_ac_11
"dagon urul region (17, 16)",38105,0,terrain_rock_ac_11
"dagon urul region (17, 16)",38106,0,terrain_rock_ac_03
"dagon urul region (17, 16)",38107,0,terrain_rock_ac_10
"dagon urul region (17, 16)",38108,0,terrain_rock_ac_08
"dagon urul region (17, 16)",38109,0,terrain_rock_ac_09
"dagon urul region (17, 16)",38110,0,terrain_rock_ac_08
"dagon urul region (17, 16)",38111,0,terrain_rock_ac_11
"dagon urul region (17, 16)",38113,0,terrain_rock_ac_10
"dagon urul region (17, 16)",38114,0,terrain_rock_ac_09
"dagon urul region (17, 16)",38115,0,terrain_rock_ac_10
"dagon urul region (17, 16)",38116,0,flora_tree_ac_01
"dagon urul region (17, 16)",38117,0,flora_tree_ac_03
"dagon urul region (17, 16)",38118,0,terrain_rock_ac_11
"dagon urul region (17, 16)",38119,0,terrain_rock_ac_03
"dagon urul region (17, 16)",38121,0,terrain_rock_ac_11
"dagon urul region (17, 16)",38122,0,terrain_rock_ac_07
"dagon urul region (17, 16)",38123,0,terrain_rock_ac_07
"dagon urul region (17, 16)",38125,0,terrain_rock_ac_11
"dagon urul region (17, 16)",38126,0,terrain_rock_ac_11
"dagon urul region (17, 16)",38128,0,flora_ashtree_02
"dagon urul region (17, 16)",38129,0,flora_ashtree_03
"dagon urul region (17, 16)",38130,0,flora_ashtree_04
"dagon urul region (17, 16)",38132,0,flora_tree_ac_04
"dagon urul region (17, 16)",38138,0,terrain_rock_ac_07
"dagon urul region (17, 17)",331172,0,terrain_rock_ma_51
"dagon urul region (17, 17)",331173,0,terrain_rock_ma_55
"dagon urul region (17, 17)",331174,0,t_mw_terrrockma_mtridge_02
"dagon urul region (17, 17)",331175,0,terrain_rock_ma_55
"dagon urul region (17, 17)",331176,0,terrain_rock_ma_57
"dagon urul region (17, 17)",331177,0,terrain_rock_ma_55
"dagon urul region (17, 17)",331178,0,terrain_rock_ac_03
"dagon urul region (17, 17)",331179,0,terrain_rock_ac_11
"dagon urul region (17, 17)",331180,0,terrain_rock_ac_08
"dagon urul region (17, 17)",331181,0,terrain_rock_ac_01
"dagon urul region (17, 17)",331182,0,terrain_rock_ac_03
"dagon urul region (17, 17)",331183,0,terrain_rock_ac_06
"dagon urul region (17, 17)",331184,0,terrain_rock_ac_07
"dagon urul region (17, 17)",331185,0,terrain_rock_ac_07
"dagon urul region (17, 17)",331187,0,terrain_rock_ac_11
"dagon urul region (17, 17)",331189,0,flora_ashtree_05
"dagon urul region (17, 17)",331190,0,flora_ashtree_02
"dagon urul region (17, 17)",331191,0,flora_ashtree_06
"dagon urul region (17, 17)",331192,0,flora_ashtree_07
"dagon urul region (17, 17)",331193,0,flora_ashtree_06
"dagon urul region (17, 17)",331194,0,terrain_rock_ac_01
"dagon urul region (17, 17)",331195,0,terrain_rock_ac_01
"dagon urul region (17, 17)",331196,0,terrain_rock_ac_03
"dagon urul region (17, 17)",331197,0,terrain_rock_ac_11
"dagon urul region (17, 17)",331198,0,terrain_rock_ac_07
"dagon urul region (17, 17)",331199,0,terrain_rock_ac_05
"dagon urul region (17, 17)",331200,0,terrain_rock_ac_05
"dagon urul region (17, 17)",331201,0,terrain_rock_ma_01
"dagon urul region (17, 17)",331202,0,terrain_rock_ma_04
"dagon urul region (17, 17)",331203,0,flora_ashtree_03
"dagon urul region (17, 17)",331204,0,flora_ashtree_02
"dagon urul region (17, 17)",331205,0,flora_ashtree_05
"dagon urul region (17, 17)",331206,0,flora_ashtree_07
"dagon urul region (17, 17)",331207,0,flora_ashtree_03
"dagon urul region (17, 17)",331208,0,terrain_rock_ac_11
"dagon urul region (17, 17)",331210,0,terrain_rock_ac_11
"dagon urul region (17, 17)",331211,0,flora_ashtree_07
"dagon urul region (17, 17)",331212,0,flora_ashtree_04
"dagon urul region (17, 17)",331213,0,flora_ashtree_04
"dagon urul region (17, 17)",331214,0,flora_ashtree_02
"dagon urul region (17, 17)",331215,0,terrain_rock_ma_04
"dagon urul region (17, 17)",331216,0,terrain_rock_ma_04
"dagon urul region (17, 17)",331217,0,terrain_rock_ma_550
"dagon urul region (17, 17)",331218,0,flora_tree_ac_01
"dagon urul region (17, 17)",331219,0,flora_tree_ac_02
"dagon urul region (17, 17)",331220,0,flora_tree_ac_02
"dagon urul region (17, 17)",331223,0,flora_tree_ac_03
"dagon urul region (17, 17)",331234,0,flora_ashtree_04
"dagon urul region (17, 17)",331235,0,flora_ashtree_05
"dagon urul region (17, 17)",331236,0,flora_ashtree_06
"dagon urul region (17, 17)",331237,0,flora_ashtree_04
"dagon urul region (17, 17)",331238,0,flora_ashtree_01
"dagon urul region (17, 17)",331239,0,flora_ashtree_04
"dagon urul region (17, 17)",331240,0,flora_ashtree_05
"dagon urul region (17, 17)",331241,0,flora_ashtree_07
"dagon urul region (17, 17)",331242,0,terrain_rock_ma_55
"dagon urul region (17, 17)",331247,0,flora_ashtree_04
"dagon urul region (17, 17)",331254,0,flora_tree_ac_04
"dagon urul region (17, 17)",331255,0,terrain_rock_ac_11
"dagon urul region (17, 17)",331260,0,terrain_rock_ma_550
"dagon urul region (17, 17)",331261,0,flora_ashtree_02
"dagon urul region (17, 17)",331263,0,terrain_rock_ac_07
"dagon urul region (17, 17)",331264,0,terrain_rock_ac_03
"dagon urul region (17, 17)",331265,0,terrain_rock_ac_05
"dagon urul region (17, 17)",331266,0,terrain_rock_ac_07
"dagon urul region (17, 17)",331268,0,terrain_rock_ac_11
"dagon urul region (17, 17)",331272,0,terrain_rock_ac_07
"dagon urul region (17, 17)",331274,0,terrain_rock_ma_550
"rthungzark (17, 18)",331291,0,t_mw_terrrockma_plateau_03
"rthungzark (17, 18)",331297,0,terrain_rock_ma_55
"rthungzark (17, 18)",331298,0,terrain_rock_ma_39
"rthungzark (17, 18)",331299,0,terrain_rock_ma_49
"rthungzark (17, 18)",331300,0,terrain_rock_ma_49
"rthungzark (17, 18)",331301,0,terrain_rock_ma_39
"rthungzark (17, 18)",331302,0,terrain_rock_ma_39
"rthungzark (17, 18)",331303,0,t_mw_terrrockma_plateau_01
"rthungzark (17, 18)",331304,0,terrain_rock_ma_550
"rthungzark (17, 18)",331305,0,terrain_rock_ma_25
"rthungzark (17, 18)",331307,0,terrain_rock_ma_57
"rthungzark (17, 18)",331308,0,terrain_rock_ma_57
"rthungzark (17, 18)",331309,0,flora_ashtree_06
"rthungzark (17, 18)",331310,0,flora_ashtree_06
"rthungzark (17, 18)",331311,0,flora_ashtree_03
"rthungzark (17, 18)",331312,0,flora_ashtree_01
"rthungzark (17, 18)",331314,0,flora_ashtree_04
"rthungzark (17, 18)",331315,0,flora_ashtree_07
"rthungzark (17, 18)",331316,0,t_mw_terrrockma_mtpeak_01
"rthungzark (17, 18)",331317,0,terrain_rock_ma_57
"rthungzark (17, 18)",331318,0,terrain_rock_ma_55
"rthungzark (17, 18)",331319,0,terrain_rock_ma_54
"rthungzark (17, 18)",331320,0,terrain_rock_ma_54
"rthungzark (17, 18)",331321,0,terrain_rock_ma_57
"rthungzark (17, 18)",331322,0,terrain_rock_ma_57
"rthungzark (17, 18)",331323,0,terrain_rock_ma_55
"rthungzark (17, 18)",331324,0,terrain_rock_ma_55
"rthungzark (17, 18)",331326,0,terrain_rock_ma_5a
"rthungzark (17, 18)",331327,0,terrain_rock_ma_5a
"rthungzark (17, 18)",331328,0,terrain_rock_ac_05
"rthungzark (17, 18)",331332,0,flora_ashtree_06
"rthungzark (17, 18)",331333,0,flora_ashtree_03
"rthungzark (17, 18)",331334,0,flora_ashtree_04
"rthungzark (17, 18)",331335,0,flora_ashtree_04
"rthungzark (17, 18)",331336,0,flora_ashtree_04
"rthungzark (17, 18)",331337,0,terrain_rock_ma_550
"rthungzark (17, 18)",331338,0,terrain_rock_ma_5a
"rthungzark (17, 18)",331342,0,flora_ashtree_05
"rthungzark (17, 18)",331343,0,flora_ashtree_06
"rthungzark (17, 18)",331344,0,flora_ashtree_04
"rthungzark (17, 18)",331345,0,flora_ashtree_04
"dagon urul region (17, 19)",331408,0,terrain_rock_ma_55
"dagon urul region (17, 19)",331436,0,terrain_rock_ma_55
"dagon urul region (17, 19)",331437,0,terrain_rock_ma_55
"dagon urul region (17, 19)",331438,0,terrain_rock_ma_57
"dagon urul region (17, 19)",331439,0,terrain_rock_ac_03
"dagon urul region (17, 19)",331440,0,terrain_rock_ac_05
"dagon urul region (17, 19)",331441,0,terrain_rock_ac_07
"dagon urul region (17, 19)",331443,0,terrain_rock_ma_55
"dagon urul region (17, 20)",1010598,0,terrain_rock_ma_57
"dagon urul region (17, 20)",1010600,0,terrain_rock_ma_19
"dagon urul region (17, 20)",1010623,0,terrain_rock_ma_57
"dagon urul region (17, 20)",1010624,0,terrain_rock_ma_10
"dagon urul region (17, 20)",1010625,0,terrain_rock_ma_43
"dagon urul region (17, 20)",1010626,0,terrain_rock_ma_57
"dagon urul region (17, 20)",1010627,0,terrain_rock_ma_07
"dagon urul region (17, 20)",1010628,0,terrain_rock_ma_10
"dagon urul region (17, 20)",1010629,0,terrain_rock_ma_10
"dagon urul region (17, 20)",1010632,0,terrain_rock_ma_57
"dagon urul region (17, 20)",1010633,0,terrain_rock_ma_56
"dagon urul region (17, 20)",1010634,0,terrain_rock_ma_550
"dagon urul region (17, 20)",1010635,0,terrain_rock_ma_58
"dagon urul region (17, 20)",1010636,0,terrain_rock_ma_59
"dagon urul region (17, 20)",1010637,0,terrain_rock_ma_67
"dagon urul region (17, 20)",1010638,0,terrain_rock_ma_79
"dagon urul region (17, 20)",1010639,0,terrain_rock_ma_5a
"dagon urul region (17, 20)",1010640,0,terrain_rock_ma_54
"dagon urul region (17, 20)",1010641,0,terrain_rock_ma_10
"dagon urul region (17, 20)",1010642,0,terrain_rock_ma_10
"dagon urul region (17, 20)",1010643,0,terrain_rock_ma_43
"dagon urul region (17, 20)",1010658,0,t_glb_dngdreu_x_rock_01
"the whispers (17, 21)",1010328,0,t_glb_dngdreu_x_rock_01
"the whispers (17, 21)",1010365,0,terrain_rock_ma_55
"the whispers (17, 21)",1010377,0,terrain_rock_ma_04
"the whispers (17, 21)",1010378,0,terrain_rock_ma_07
"the whispers (17, 21)",1010379,0,terrain_rock_ma_56
"the whispers (17, 21)",1010380,0,terrain_rock_ma_57
"the whispers (17, 21)",1010381,0,terrain_rock_ma_55
"the whispers (17, 21)",1010382,0,terrain_rock_ma_10
"the whispers (17, 21)",1010395,0,terrain_rock_ma_57
"the whispers (17, 21)",1010396,0,terrain_rock_ma_19
"the whispers (17, 21)",1010423,0,terrain_rock_ma_43
"the whispers (17, 21)",1010531,0,terrain_rock_ma_10
"the whispers (17, 21)",1010532,0,terrain_rock_ma_10
"the whispers (17, 21)",1010533,0,terrain_rock_ma_09
"the whispers (17, 21)",1010534,0,terrain_rock_ma_09
"the whispers (17, 21)",1010535,0,terrain_rock_ma_07
"the whispers (17, 21)",1010536,0,terrain_rock_ma_06
"the whispers (17, 21)",1010537,0,terrain_rock_ma_04
"the whispers (17, 21)",1010538,0,terrain_rock_ma_02
"the whispers (17, 21)",1010540,0,terrain_rock_ma_02
"the whispers (17, 21)",1010541,0,terrain_rock_ma_06
"the whispers (17, 21)",1010542,0,terrain_rock_ma_19
"the whispers (17, 21)",1010543,0,terrain_rock_ma_10
"the whispers (17, 21)",1010544,0,terrain_rock_ma_43
"the whispers (17, 21)",1010546,0,terrain_rock_ma_07
"the whispers (17, 21)",1010547,0,terrain_rock_ma_02
"the whispers (17, 21)",1010548,0,terrain_rock_ma_10
"the whispers (17, 21)",1010549,0,terrain_rock_ma_5a
"the whispers (17, 21)",1010550,0,terrain_rock_ma_59
"the whispers (17, 21)",1010551,0,terrain_rock_ma_54
"the whispers (17, 21)",1010552,0,terrain_rock_ma_10
"the whispers (17, 21)",1010553,0,terrain_rock_ma_43
"dagon urul region (18, 14)",36836,0,terrain_rock_ac_10
"dagon urul region (18, 14)",36843,0,flora_tree_ac_01
"dagon urul region (18, 14)",36846,0,terrain_rock_ac_07
"dagon urul region (18, 14)",36848,0,terrain_rock_ac_07
"dagon urul region (18, 14)",36849,0,terrain_rock_ac_04
"dagon urul region (18, 14)",36864,0,terrain_rock_ac_12
"dagon urul region (18, 14)",36865,0,terrain_rock_ac_04
"dagon urul region (18, 14)",36869,0,flora_tree_ac_01
"dagon urul region (18, 14)",36870,0,flora_tree_ac_02
"dagon urul region (18, 14)",36873,0,terrain_rock_ac_03
"dagon urul region (18, 14)",36874,0,terrain_rock_ac_04
"dagon urul region (18, 14)",36875,0,terrain_rock_ac_10
"dagon urul region (18, 14)",36876,0,terrain_rock_ac_12
"dagon urul region (18, 14)",36877,0,terrain_rock_ac_07
"dagon urul region (18, 14)",36884,0,terrain_rock_ac_08
"dagon urul region (18, 14)",36885,0,terrain_rock_ac_07
"dagon urul region (18, 14)",36886,0,flora_tree_ac_02
"dagon urul region (18, 14)",36887,0,flora_tree_ac_03
"dagon urul region (18, 14)",36893,0,flora_tree_ac_01
"dagon urul region (18, 14)",36894,0,flora_tree_ac_01
"firewatch (18, 15)",38355,0,ex_nord_doorrocks_01
"firewatch (18, 15)",38397,0,terrain_rock_ac_12
"firewatch (18, 15)",38398,0,terrain_rock_ac_08
"firewatch (18, 15)",38399,0,terrain_rock_ac_04
"firewatch (18, 15)",38433,0,terrain_rock_ac_04
"firewatch (18, 15)",38434,0,terrain_rock_ac_12
"firewatch (18, 15)",38455,0,terrain_rock_ac_12
"firewatch (18, 15)",38480,0,terrain_rock_ac_05
"firewatch (18, 15)",38481,0,terrain_rock_ac_04
"firewatch (18, 15)",38483,0,flora_tree_ac_01
"firewatch (18, 15)",38484,0,flora_tree_ac_03
"firewatch (18, 15)",38488,0,flora_tree_ac_01
"firewatch (18, 15)",38511,0,terrain_rock_ac_07
"firewatch (18, 15)",38519,0,flora_tree_ac_04
"firewatch (18, 15)",38520,0,flora_tree_ac_03
"firewatch (18, 15)",38525,0,terrain_rock_ac_10
"firewatch (18, 15)",38526,0,terrain_rock_ac_01
"firewatch (18, 15)",38527,0,terrain_rock_ac_02
"firewatch (18, 15)",38528,0,terrain_rock_ac_03
"firewatch (18, 15)",38530,0,terrain_rock_ac_04
"firewatch (18, 15)",38534,0,terrain_rock_ac_07
"firewatch (18, 15)",38793,0,terrain_rock_ac_10
"firewatch (18, 15)",38794,0,terrain_rock_ac_11
"firewatch (18, 15)",38795,0,terrain_rock_ac_01
"firewatch (18, 15)",38800,0,terrain_rock_ac_09
"firewatch (18, 15)",38801,0,terrain_rock_ac_02
"firewatch (18, 15)",38804,0,terrain_rock_ac_04
"firewatch (18, 15)",38830,0,terrain_rock_ac_04
"firewatch (18, 15)",38831,0,terrain_rock_ac_12
"firewatch (18, 15)",38832,0,flora_tree_ac_03
"firewatch (18, 15)",38833,0,terrain_rock_ac_04
"firewatch (18, 15)",38834,0,terrain_rock_ac_03
"firewatch (18, 15)",38835,0,terrain_rock_ac_04
"firewatch (18, 15)",38836,0,terrain_rock_ac_12
"firewatch (18, 15)",38837,0,terrain_rock_ac_08
"firewatch (18, 15)",38838,0,terrain_rock_ac_12
"firewatch (18, 15)",38839,0,terrain_rock_ac_07
"firewatch (18, 15)",38840,0,terrain_rock_ac_07
"firewatch (18, 15)",38841,0,flora_tree_ac_02
"firewatch (18, 15)",38842,0,flora_tree_ac_03
"firewatch (18, 15)",38848,0,terrain_rock_ac_07
"firewatch (18, 15)",38849,0,terrain_rock_ac_10
"firewatch (18, 15)",38850,0,terrain_rock_ac_12
"firewatch (18, 15)",38851,0,terrain_rock_ac_06
"firewatch (18, 15)",38852,0,terrain_rock_ac_04
"firewatch (18, 15)",38853,0,terrain_rock_ac_12
"firewatch (18, 15)",38854,0,terrain_rock_ac_02
"firewatch (18, 15)",38855,0,terrain_rock_ac_02
"firewatch (18, 15)",38856,0,terrain_rock_ac_02
"firewatch (18, 15)",38857,0,terrain_rock_ac_02
"firewatch (18, 15)",38858,0,terrain_rock_ac_04
"firewatch (18, 15)",38863,0,terrain_rock_ac_02
"firewatch (18, 15)",38867,0,terrain_rock_ac_04
"firewatch (18, 15)",38869,0,terrain_rock_ac_12
"firewatch (18, 15)",38871,0,terrain_rock_ac_04
"firewatch (18, 15)",38878,0,terrain_rock_ac_03
"firewatch (18, 15)",38879,0,terrain_rock_ac_10
"firewatch (18, 15)",38880,0,terrain_rock_ac_10
"firewatch (18, 15)",38886,0,terrain_rock_ac_04
"firewatch (18, 15)",38893,0,terrain_rock_ac_03
"firewatch (18, 15)",38894,0,terrain_rock_ac_02
"dagon urul region (18, 16)",37503,0,terrain_rock_ac_10
"dagon urul region (18, 16)",37506,0,terrain_rock_ac_10
"dagon urul region (18, 16)",37513,0,terrain_rock_ac_11
"dagon urul region (18, 16)",37514,0,terrain_rock_ac_10
"dagon urul region (18, 16)",37515,0,terrain_rock_ma_57
"dagon urul region (18, 16)",37516,0,terrain_rock_ac_10
"dagon urul region (18, 16)",37517,0,terrain_rock_ac_11
"dagon urul region (18, 16)",37519,0,terrain_rock_ac_11
"dagon urul region (18, 16)",37520,0,terrain_rock_ac_10
"dagon urul region (18, 16)",37521,0,terrain_rock_ac_10
"dagon urul region (18, 16)",37527,0,terrain_rock_ac_10
"dagon urul region (18, 16)",37528,0,terrain_rock_ac_10
"dagon urul region (18, 16)",37532,0,t_mw_terrrockma_plateau_03
"dagon urul region (18, 16)",37536,0,terrain_rock_ac_10
"mount sarrunabi (18, 17)",349873,0,terrain_rock_ma_550
"mount sarrunabi (18, 17)",349874,0,terrain_rock_ma_02
"mount sarrunabi (18, 17)",349875,0,terrain_rock_ma_57
"mount sarrunabi (18, 17)",349876,0,terrain_rock_ma_5a
"mount sarrunabi (18, 17)",349877,0,terrain_rock_ma_54
"mount sarrunabi (18, 17)",349878,0,terrain_rock_ma_54
"mount sarrunabi (18, 17)",349879,0,terrain_rock_ma_54
"mount sarrunabi (18, 17)",349880,0,terrain_rock_ma_55
"mount sarrunabi (18, 17)",349881,0,terrain_rock_ma_550
"mount sarrunabi (18, 17)",349882,0,terrain_rock_ma_55
"mount sarrunabi (18, 17)",349883,0,terrain_rock_ma_55
"mount sarrunabi (18, 17)",349884,0,t_mw_terrrockma_plateau_02
"mount sarrunabi (18, 17)",349885,0,terrain_rock_ma_56
"mount sarrunabi (18, 17)",349886,0,terrain_rock_ma_54
"mount sarrunabi (18, 17)",349887,0,t_mw_terrrockma_mtpeak_03
"mount sarrunabi (18, 17)",349888,0,t_mw_terrrockma_mtpeak_03
"mount sarrunabi (18, 17)",349889,0,terrain_rock_ma_550
"mount sarrunabi (18, 17)",349890,0,terrain_rock_ma_57
"mount sarrunabi (18, 17)",349891,0,t_mw_terrrockma_plateau_01
"mount sarrunabi (18, 17)",349892,0,terrain_rock_ma_55
"mount sarrunabi (18, 17)",349893,0,terrain_rock_ma_57
"mount sarrunabi (18, 17)",349894,0,terrain_rock_ma_54
"mount sarrunabi (18, 17)",349895,0,terrain_rock_ma_54
"mount sarrunabi (18, 17)",349896,0,terrain_rock_ma_55
"mount sarrunabi (18, 17)",349897,0,flora_ashtree_04
"mount sarrunabi (18, 17)",349898,0,terrain_rock_ma_550
"mount sarrunabi (18, 17)",349900,0,terrain_rock_ma_57
"mount sarrunabi (18, 17)",349901,0,terrain_rock_ma_5a
"mount sarrunabi (18, 17)",349902,0,terrain_rock_ma_55
"mount sarrunabi (18, 17)",349907,0,terrain_rock_ma_550
"koranyon (18, 18)",331487,0,ex_t_rock_coastal_01
"koranyon (18, 18)",331488,0,ex_t_rock_coastal_02
"koranyon (18, 18)",331489,0,ex_t_rock_coastal_01
"koranyon (18, 18)",331490,0,ex_t_rock_coastal_01
"koranyon (18, 18)",331491,0,ex_t_rock_coastal_01
"koranyon (18, 18)",331502,0,terrain_rock_ac_08
"koranyon (18, 18)",331503,0,terrain_rock_ac_12
"koranyon (18, 18)",331504,0,terrain_rock_ac_02
"koranyon (18, 18)",331508,0,t_mw_terrrockma_plateau_02
"koranyon (18, 18)",331511,0,terrain_rock_ma_55
"koranyon (18, 18)",331512,0,terrain_rock_ma_550
"koranyon (18, 18)",331513,0,flora_ashtree_03
"koranyon (18, 18)",331514,0,flora_ashtree_05
"koranyon (18, 18)",331515,0,flora_ashtree_04
"koranyon (18, 18)",331516,0,flora_ashtree_02
"koranyon (18, 18)",331517,0,ex_t_rock_coastal_01
"dagon urul region (18, 19)",1010150,0,terrain_rock_ma_57
"dagon urul region (18, 19)",1010225,0,t_mw_terrrockac_caveentr_10
"dagon urul region (18, 20)",325365,0,terrain_rock_wg_18
"dagon urul region (18, 20)",325366,0,terrain_rock_wg_18
"dagon urul region (18, 20)",325367,0,terrain_rock_wg_18
"dagon urul region (18, 20)",325368,0,terrain_rock_wg_18
"dagon urul region (18, 20)",325369,0,terrain_rock_wg_18
"dagon urul region (18, 20)",325370,0,terrain_rock_wg_18
"dagon urul region (18, 20)",325371,0,terrain_rock_wg_18
"dagon urul region (18, 20)",325372,0,terrain_rock_wg_18
"dagon urul region (18, 20)",325373,0,terrain_rock_wg_18
"dagon urul region (18, 20)",325374,0,terrain_rock_wg_18
"dagon urul region (18, 20)",325375,0,terrain_rock_wg_18
"dagon urul region (18, 20)",325376,0,terrain_rock_wg_18
"dagon urul region (18, 20)",325377,0,terrain_rock_wg_18
"dagon urul region (18, 20)",325378,0,terrain_rock_wg_18
"dagon urul region (18, 20)",325379,0,terrain_rock_wg_18
"dagon urul region (18, 20)",325380,0,terrain_rock_wg_08
"dagon urul region (18, 20)",325381,0,terrain_rock_wg_05
"dagon urul region (18, 20)",325382,0,terrain_rock_wg_08
"dagon urul region (18, 20)",325383,0,terrain_rock_wg_08
"dagon urul region (18, 20)",325384,0,terrain_rock_wg_08
"dagon urul region (18, 20)",325387,0,terrain_rocks_wg_01
"dagon urul region (18, 20)",325388,0,terrain_rocks_wg_03
"dagon urul region (18, 20)",325389,0,flora_tree_wg_01
"dagon urul region (18, 20)",325390,0,terrain_rocks_wg_02
"dagon urul region (18, 20)",325391,0,terrain_rocks_wg_04
"dagon urul region (18, 20)",325392,0,terrain_rocks_wg_02
"dagon urul region (18, 20)",325393,0,terrain_rocks_wg_02
"dagon urul region (18, 21)",1010087,0,t_mw_terrrockac_caveentr_10
"dagon urul region (19, 12)",322781,0,terrain_rock_ma_55
"dagon urul region (19, 12)",322782,0,terrain_rock_ma_55
"dagon urul region (19, 12)",322784,0,terrain_rock_ma_54
"dagon urul region (19, 12)",322785,0,terrain_rock_ma_54
"dagon urul region (19, 12)",322786,0,terrain_rock_ma_54
"dagon urul region (19, 12)",322787,0,terrain_rock_ma_55
"dagon urul region (19, 12)",322788,0,terrain_rock_ma_55
"dagon urul region (19, 12)",322789,0,terrain_rock_ma_54
"bthalag-zturamz (19, 13)",353057,0,terrain_rock_ac_08
"bthalag-zturamz (19, 13)",353058,0,terrain_rock_ac_02
"bthalag-zturamz (19, 13)",353059,0,terrain_rock_ac_06
"bthalag-zturamz (19, 13)",353060,0,terrain_rock_ac_01
"bthalag-zturamz (19, 13)",353076,0,terrain_rock_ac_12
"bthalag-zturamz (19, 13)",353082,0,terrain_rock_ac_06
"bthalag-zturamz (19, 13)",353085,0,terrain_rock_ac_11
"bthalag-zturamz (19, 13)",353088,0,terrain_rock_ac_02
"bthalag-zturamz (19, 13)",353089,0,terrain_rock_ac_01
"dagon urul region (19, 14)",352862,0,terrain_rock_ac_07
"dagon urul region (19, 14)",352863,0,terrain_rock_ac_03
"dagon urul region (19, 14)",352864,0,terrain_rock_ac_02
"dagon urul region (19, 14)",352865,0,terrain_rock_ac_09
"dagon urul region (19, 14)",352885,0,terrain_rock_ac_03
"dagon urul region (19, 14)",352886,0,terrain_rock_ac_06
"dagon urul region (19, 14)",352887,0,terrain_rock_ac_09
"dagon urul region (19, 14)",352888,0,flora_tree_ac_01
"dagon urul region (19, 14)",352889,0,terrain_rock_ac_12
"dagon urul region (19, 14)",352894,0,terrain_rock_ac_02
"dagon urul region (19, 14)",352895,0,terrain_rock_ac_03
"dagon urul region (19, 14)",352896,0,terrain_rock_ac_06
"dagon urul region (19, 14)",352899,0,terrain_rock_ac_10
"dagon urul region (19, 14)",352900,0,terrain_rock_ac_12
"dagon urul region (19, 14)",352901,0,terrain_rock_ac_09
"dagon urul region (19, 14)",352904,0,terrain_rock_ac_12
"dagon urul region (19, 14)",352905,0,terrain_rock_ac_10
"dagon urul region (19, 14)",352906,0,terrain_rock_ac_04
"dagon urul region (19, 14)",352907,0,terrain_rock_ac_09
"dagon urul region (19, 14)",352908,0,flora_tree_ac_01
"dagon urul region (19, 14)",352909,0,flora_tree_ac_02
"dagon urul region (19, 14)",352912,0,terrain_rock_ac_06
"dagon urul region (19, 14)",352914,0,terrain_rock_ac_12
"dagon urul region (19, 14)",352915,0,terrain_rock_ac_04
"dagon urul region (19, 14)",352916,0,terrain_rock_ac_06
"dagon urul region (19, 14)",352917,0,terrain_rock_ac_03
"dagon urul region (19, 14)",352918,0,terrain_rock_ac_08
"dagon urul region (19, 14)",352920,0,terrain_rock_ac_06
"dagon urul region (19, 14)",352926,0,terrain_rock_ac_12
"dagon urul region (19, 14)",352928,0,terrain_rock_ac_11
"dagon urul region (19, 14)",352930,0,terrain_rock_ac_01
"dagon urul region (19, 14)",352931,0,terrain_rock_ac_02
"dagon urul region (19, 14)",352932,0,flora_tree_ac_01
"dagon urul region (19, 14)",352933,0,flora_tree_ac_02
"dagon urul region (19, 14)",352935,0,terrain_rock_ac_08
"dagon urul region (19, 14)",352942,0,terrain_rock_ac_08
"dagon urul region (19, 14)",352943,0,terrain_rock_ac_03
"dagon urul region (19, 14)",352944,0,terrain_rock_ac_04
"dagon urul region (19, 14)",352945,0,terrain_rock_ac_09
"dagon urul region (19, 14)",352952,0,terrain_rock_ac_12
"dagon urul region (19, 14)",352953,0,terrain_rock_ac_04
"dagon urul region (19, 14)",352954,0,terrain_rock_ac_04
"dagon urul region (19, 14)",352955,0,terrain_rock_ac_12
"dagon urul region (19, 14)",352956,0,terrain_rock_ac_07
"dagon urul region (19, 14)",352962,0,flora_tree_ac_01
"dagon urul region (19, 14)",352963,0,flora_tree_ac_01
"dagon urul region (19, 15)",353316,0,terrain_rock_ac_10
"dagon urul region (19, 15)",353317,0,terrain_rock_ac_03
"dagon urul region (19, 15)",353318,0,terrain_rock_ac_11
"dagon urul region (19, 15)",353319,0,terrain_rock_ac_10
"dagon urul region (19, 15)",353321,0,terrain_rock_ac_12
"dagon urul region (19, 15)",353322,0,terrain_rock_ac_11
"dagon urul region (19, 15)",353324,0,terrain_rock_ac_04
"dagon urul region (19, 15)",353325,0,terrain_rock_ac_11
"dagon urul region (19, 15)",353326,0,terrain_rock_ac_07
"dagon urul region (19, 15)",353328,0,terrain_rock_ac_09
"dagon urul region (19, 15)",353329,0,terrain_rock_ac_12
"dagon urul region (19, 15)",353330,0,terrain_rock_ac_01
"dagon urul region (19, 15)",353331,0,terrain_rock_ac_04
"dagon urul region (19, 15)",353332,0,terrain_rock_ac_11
"dagon urul region (19, 15)",353336,0,terrain_rock_ac_11
"dagon urul region (19, 15)",353337,0,terrain_rock_ac_09
"dagon urul region (19, 15)",353340,0,terrain_rock_ac_08
"dagon urul region (19, 15)",353341,0,terrain_rock_ac_09
"dagon urul region (19, 15)",353342,0,terrain_rock_ac_06
"dagon urul region (19, 15)",353346,0,terrain_rock_ac_01
"dagon urul region (19, 15)",353348,0,terrain_rock_ac_11
"dagon urul region (19, 15)",353349,0,terrain_rock_ac_11
"dagon urul region (19, 15)",353350,0,terrain_rock_ac_04
"dagon urul region (19, 15)",353351,0,terrain_rock_ac_11
"dagon urul region (19, 15)",353352,0,terrain_rock_ac_04
"dagon urul region (19, 15)",353353,0,terrain_rock_ac_06
"dagon urul region (19, 15)",353354,0,flora_tree_ac_02
"dagon urul region (19, 15)",353355,0,flora_tree_ac_01
"dagon urul region (19, 15)",353356,0,flora_tree_ac_03
"dagon urul region (19, 15)",353367,0,flora_tree_ac_01
"dagon urul region (19, 15)",353368,0,flora_tree_ac_03
"dagon urul region (19, 15)",353376,0,flora_tree_ac_01
"dagon urul region (19, 15)",353377,0,flora_tree_ac_02
"dagon urul region (19, 15)",353378,0,flora_tree_ac_04
"dagon urul region (19, 15)",353384,0,terrain_rock_ma_06
"dagon urul region (19, 15)",353385,0,terrain_rock_ma_19
"dagon urul region (19, 15)",353386,0,terrain_rock_ma_57
"dagon urul region (19, 15)",353387,0,terrain_rock_ma_550
"dagon urul region (19, 15)",353388,0,terrain_rock_ma_550
"dagon urul region (19, 15)",353389,0,terrain_rock_ma_06
"dagon urul region (19, 15)",353390,0,terrain_rock_ac_11
"dagon urul region (19, 15)",353391,0,terrain_rock_ac_01
"dagon urul region (19, 16)",353401,0,flora_ashtree_04
"dagon urul region (19, 16)",353402,0,flora_ashtree_02
"dagon urul region (19, 16)",353403,0,flora_ashtree_07
"dagon urul region (19, 16)",353405,0,terrain_rock_ac_07
"dagon urul region (19, 16)",353408,0,terrain_rock_ma_07
"dagon urul region (19, 16)",353409,0,terrain_rock_ma_09
"dagon urul region (19, 16)",353410,0,terrain_rock_ma_10
"dagon urul region (19, 16)",353411,0,terrain_rock_ma_10
"dagon urul region (19, 16)",353412,0,terrain_rock_ma_06
"dagon urul region (19, 16)",353413,0,terrain_rock_ma_58
"dagon urul region (19, 16)",353414,0,terrain_rock_ma_57
"dagon urul region (19, 16)",353415,0,terrain_rock_ma_57
"dagon urul region (19, 16)",353416,0,terrain_rock_ma_55
"dagon urul region (19, 16)",353417,0,terrain_rock_ma_57
"dagon urul region (19, 16)",353418,0,terrain_rock_ma_54
"dagon urul region (19, 16)",353419,0,terrain_rock_ma_54
"dagon urul region (19, 16)",353420,0,terrain_rock_ma_54
"dagon urul region (19, 16)",353421,0,terrain_rock_ma_58
"dagon urul region (19, 16)",353422,0,terrain_rock_ma_5a
"dagon urul region (19, 16)",353423,0,t_mw_terrrockma_plateau_01
"dagon urul region (19, 16)",353424,0,terrain_rock_ma_550
"dagon urul region (19, 16)",353425,0,terrain_rock_ma_55
"dagon urul region (19, 16)",353426,0,terrain_rock_ma_55
"dagon urul region (19, 16)",353427,0,terrain_rock_ma_55
"dagon urul region (19, 16)",353428,0,t_mw_terrrockma_plateau_03
"dagon urul region (19, 16)",353429,0,terrain_rock_ma_57
"dagon urul region (19, 16)",353430,0,flora_ashtree_06
"dagon urul region (19, 16)",353431,0,terrain_rock_ma_5a
"dagon urul region (19, 16)",353432,0,terrain_rock_ma_58
"dagon urul region (19, 16)",353435,0,flora_ashtree_05
"dagon urul region (19, 16)",353436,0,flora_ashtree_07
"dagon urul region (19, 16)",353437,0,flora_ashtree_04
"dagon urul region (19, 16)",353438,0,terrain_rock_ma_55
"dagon urul region (19, 16)",353444,0,terrain_rock_ma_5a
"dagon urul region (19, 17)",353448,0,terrain_rock_ac_11
"dagon urul region (19, 17)",353449,0,terrain_rock_ac_09
"dagon urul region (19, 17)",353450,0,terrain_rock_ac_04
"dagon urul region (19, 17)",353452,0,terrain_rock_ac_09
"dagon urul region (19, 17)",353453,0,terrain_rock_ac_06
"dagon urul region (19, 17)",353457,0,flora_tree_ac_03
"dagon urul region (19, 17)",353458,0,flora_tree_ac_02
"dagon urul region (19, 17)",353459,0,terrain_rock_ac_03
"dagon urul region (19, 17)",353460,0,terrain_rock_ac_02
"dagon urul region (19, 17)",353465,0,flora_tree_ac_04
"dagon urul region (19, 17)",353471,0,flora_ashtree_01
"dagon urul region (19, 17)",353472,0,flora_ashtree_03
"dagon urul region (19, 17)",353473,0,flora_ashtree_04
"dagon urul region (19, 17)",353474,0,terrain_rock_ac_09
"dagon urul region (19, 17)",353475,0,terrain_rock_ac_06
"dagon urul region (19, 17)",353479,0,terrain_rock_ma_49
"dagon urul region (19, 17)",353480,0,terrain_rock_ma_25
"dagon urul region (19, 17)",353481,0,terrain_rock_ma_55
"dagon urul region (19, 17)",353482,0,terrain_rock_ma_39
"dagon urul region (19, 17)",353483,0,terrain_rock_ma_49
"dagon urul region (19, 17)",353484,0,terrain_rock_ma_54
"dagon urul region (19, 17)",353485,0,terrain_rock_ma_25
"dagon urul region (19, 17)",353486,0,terrain_rock_ma_49
"dagon urul region (19, 17)",353487,0,terrain_rock_ma_25
"dagon urul region (19, 17)",353488,0,terrain_rock_ma_39
"dagon urul region (19, 17)",353489,0,terrain_rock_ma_25
"dagon urul region (19, 17)",353490,0,terrain_rock_ma_58
"dagon urul region (19, 17)",353491,0,terrain_rock_ma_54
"dagon urul region (19, 17)",353492,0,terrain_rock_ma_54
"dagon urul region (19, 17)",353493,0,terrain_rock_ma_55
"dagon urul region (19, 17)",353494,0,terrain_rock_ma_54
"dagon urul region (19, 17)",353495,0,terrain_rock_ma_54
"dagon urul region (19, 17)",353496,0,terrain_rock_ma_49
"dagon urul region (19, 17)",353497,0,flora_ashtree_01
"dagon urul region (19, 17)",353498,0,flora_ashtree_05
"dagon urul region (19, 17)",353499,0,flora_ashtree_07
"dagon urul region (19, 17)",353500,0,terrain_rock_ma_25
"dagon urul region (19, 17)",353508,0,terrain_rock_ma_25
"dagon urul region (19, 18)",331539,0,terrain_rock_ac_07
"dagon urul region (19, 18)",331540,0,terrain_rock_ac_10
"dagon urul region (19, 18)",331541,0,terrain_rock_ac_03
"dagon urul region (19, 18)",331542,0,terrain_rock_ac_01
"dagon urul region (19, 18)",331543,0,terrain_rock_ac_11
"dagon urul region (19, 18)",331544,0,terrain_rock_ac_04
"dagon urul region (19, 18)",331545,0,terrain_rock_ac_06
"dagon urul region (19, 18)",331547,0,terrain_rock_ac_11
"dagon urul region (19, 18)",331548,0,terrain_rock_ac_02
"dagon urul region (19, 18)",331549,0,terrain_rock_ac_07
"dagon urul region (19, 18)",331550,0,terrain_rock_ac_03
"dagon urul region (19, 18)",331551,0,terrain_rock_ac_08
"dagon urul region (19, 18)",331552,0,terrain_rock_ac_06
"dagon urul region (19, 18)",331555,0,terrain_rock_ac_07
"dagon urul region (19, 18)",331556,0,terrain_rock_ac_03
"dagon urul region (19, 18)",331557,0,terrain_rock_ac_02
"dagon urul region (19, 18)",331561,0,terrain_rock_ac_08
"dagon urul region (19, 18)",331562,0,terrain_rock_ac_06
"dagon urul region (19, 18)",331563,0,terrain_rock_ac_12
"dagon urul region (19, 18)",331564,0,terrain_rock_ac_09
"dagon urul region (19, 18)",331565,0,terrain_rock_ac_08
"dagon urul region (19, 18)",331566,0,terrain_rock_ac_06
"dagon urul region (19, 18)",331567,0,terrain_rock_ac_03
"dagon urul region (19, 18)",331568,0,flora_ashtree_03
"dagon urul region (19, 18)",331569,0,flora_ashtree_06
"dagon urul region (19, 18)",331570,0,flora_ashtree_02
"dagon urul region (19, 18)",331571,0,terrain_rock_ac_07
"dagon urul region (19, 18)",331581,0,terrain_rock_ac_08
"dagon urul region (19, 18)",331582,0,terrain_rock_ac_11
"dagon urul region (19, 18)",331583,0,terrain_rock_ac_01
"dagon urul region (19, 18)",331584,0,terrain_rock_ac_11
"dagon urul region (19, 18)",331589,0,terrain_rock_ac_11
"dagon urul region (19, 18)",331593,0,flora_ashtree_07
"dagon urul region (19, 18)",331594,0,flora_ashtree_05
"dagon urul region (19, 18)",331595,0,flora_ashtree_01
"dagon urul region (19, 18)",331601,0,terrain_rock_ac_06
"dagon urul region (19, 18)",331602,0,terrain_rock_ac_03
"dagon urul region (19, 18)",331603,0,terrain_rock_ac_03
"dagon urul region (19, 18)",331604,0,flora_tree_ac_01
"dagon urul region (19, 18)",331616,0,flora_tree_ac_03
"dagon urul region (19, 18)",331617,0,flora_tree_ac_02
"dagon urul region (19, 18)",331618,0,terrain_rock_ac_03
"dagon urul region (19, 18)",331622,0,terrain_rock_ac_02
"dagon urul region (19, 18)",331623,0,flora_tree_ac_01
"dagon urul region (19, 18)",331624,0,flora_tree_ac_02
"dagon urul region (19, 18)",331636,0,terrain_rock_ac_06
"dagon urul region (20, 13)",353150,0,terrain_rock_ac_08
"dagon urul region (20, 13)",353151,0,terrain_rock_ac_12
"dagon urul region (20, 13)",353157,0,terrain_rock_ac_10
"dagon urul region (20, 13)",353158,0,terrain_rock_ac_09
"dagon urul region (20, 13)",353159,0,terrain_rock_ac_12
"dagon urul region (20, 13)",353160,0,terrain_rock_ac_11
"dagon urul region (20, 13)",353170,0,terrain_rock_ac_12
"dagon urul region (20, 13)",353171,0,terrain_rock_ac_09
"dagon urul region (20, 13)",353172,0,terrain_rock_ac_08
"dagon urul region (20, 14)",353214,0,flora_tree_ac_03
"dagon urul region (20, 14)",353215,0,terrain_rock_ac_12
"dagon urul region (20, 14)",353216,0,terrain_rock_ac_10
"dagon urul region (20, 14)",353218,0,terrain_rock_ac_11
"dagon urul region (20, 14)",353220,0,flora_tree_ac_03
"dagon urul region (20, 14)",353222,0,terrain_rock_ac_12
"dagon urul region (20, 14)",353223,0,terrain_rock_ac_10
"dagon urul region (20, 14)",353227,0,terrain_rock_ac_04
"dagon urul region (20, 14)",353228,0,terrain_rock_ac_02
"dagon urul region (20, 14)",353229,0,terrain_rock_ac_03
"dagon urul region (20, 14)",353230,0,terrain_rock_ac_11
"dagon urul region (20, 14)",353233,0,flora_tree_ac_01
"dagon urul region (20, 14)",353234,0,terrain_rock_ac_12
"dagon urul region (20, 14)",353235,0,terrain_rock_ac_02
"dagon urul region (20, 14)",353236,0,terrain_rock_ac_03
"dagon urul region (20, 14)",353245,0,terrain_rock_ac_04
"dagon urul region (20, 14)",353247,0,terrain_rock_ac_04
"dagon urul region (20, 14)",353249,0,terrain_rock_ac_07
"dagon urul region (20, 14)",353254,0,terrain_rock_ac_03
"dagon urul region (20, 14)",353255,0,terrain_rock_ac_02
"dagon urul region (20, 14)",353256,0,terrain_rock_ac_10
"dagon urul region (20, 14)",353257,0,terrain_rock_ac_12
"dagon urul region (20, 14)",353258,0,terrain_rock_ac_10
"dagon urul region (20, 14)",353267,0,terrain_rock_ac_01
"dagon urul region (20, 14)",353268,0,terrain_rock_ac_03
"dagon urul region (20, 14)",353269,0,terrain_rock_ac_03
"dagon urul region (20, 14)",353270,0,terrain_rock_ac_04
"dagon urul region (20, 14)",353273,0,terrain_rock_ac_11
"dagon urul region (20, 14)",353274,0,terrain_rock_ac_10
"dagon urul region (20, 14)",353275,0,terrain_rock_ac_12
"dagon urul region (20, 14)",353280,0,flora_tree_ac_04
"dagon urul region (20, 14)",353289,0,flora_tree_ac_01
"dagon urul region (20, 14)",353291,0,flora_tree_ac_02
"dagon urul region (20, 14)",353293,0,terrain_rock_ac_11
"dagon urul region (20, 14)",353294,0,terrain_rock_ac_12
"dagon urul region (20, 14)",353295,0,terrain_rock_ac_10
"dagon urul region (20, 15)",320329,0,terrain_rock_ac_08
"dagon urul region (20, 15)",320330,0,terrain_rock_ac_02
"dagon urul region (20, 15)",320331,0,terrain_rock_ac_04
"dagon urul region (20, 15)",320333,0,terrain_rock_ac_11
"dagon urul region (20, 15)",320334,0,terrain_rock_ac_03
"dagon urul region (20, 15)",320335,0,terrain_rock_ac_05
"dagon urul region (20, 15)",320336,0,flora_tree_ac_01
"dagon urul region (20, 15)",320337,0,flora_tree_ac_01
"dagon urul region (20, 15)",320343,0,terrain_rock_ac_12
"dagon urul region (20, 15)",320344,0,terrain_rock_ac_04
"dagon urul region (20, 15)",320345,0,terrain_rock_ac_10
"dagon urul region (20, 15)",320346,0,terrain_rock_ac_11
"dagon urul region (20, 15)",320349,0,terrain_rock_ac_08
"dagon urul region (20, 15)",320350,0,terrain_rock_ac_12
"dagon urul region (20, 15)",320351,0,terrain_rock_ac_04
"dagon urul region (20, 15)",320352,0,terrain_rock_ac_04
"dagon urul region (20, 15)",320353,0,terrain_rock_ac_05
"dagon urul region (20, 15)",320354,0,terrain_rock_ac_08
"dagon urul region (20, 15)",320355,0,terrain_rock_ac_12
"dagon urul region (20, 15)",320356,0,terrain_rock_ac_05
"dagon urul region (20, 15)",320358,0,terrain_rock_ac_04
"dagon urul region (20, 15)",320359,0,terrain_rock_ac_05
"dagon urul region (20, 15)",320360,0,terrain_rock_ac_11
"dagon urul region (20, 15)",320361,0,terrain_rock_ac_04
"dagon urul region (20, 15)",320363,0,terrain_rock_ac_10
"dagon urul region (20, 15)",320364,0,terrain_rock_ac_06
"dagon urul region (20, 15)",320367,0,terrain_rock_ac_07
"dagon urul region (20, 15)",320368,0,terrain_rock_ac_08
"dagon urul region (20, 15)",320369,0,terrain_rock_ac_09
"dagon urul region (20, 15)",320370,0,terrain_rock_ac_02
"dagon urul region (20, 15)",320371,0,terrain_rock_ac_06
"dagon urul region (20, 15)",320372,0,terrain_rock_ac_07
"dagon urul region (20, 15)",320373,0,terrain_rock_ac_01
"dagon urul region (20, 15)",320381,0,terrain_rock_ac_09
"dagon urul region (20, 15)",320382,0,terrain_rock_ac_08
"dagon urul region (20, 15)",320383,0,terrain_rock_ac_04
"dagon urul region (20, 15)",320384,0,terrain_rock_ac_05
"dagon urul region (20, 15)",320385,0,terrain_rock_ac_05
"dagon urul region (20, 15)",320386,0,terrain_rock_ac_12
"dagon urul region (20, 15)",320389,0,terrain_rock_ac_06
"dagon urul region (20, 15)",320390,0,terrain_rock_ac_09
"dagon urul region (20, 15)",320391,0,terrain_rock_ac_11
"dagon urul region (20, 15)",320394,0,flora_tree_ac_01
"dagon urul region (20, 15)",320395,0,flora_tree_ac_03
"dagon urul region (20, 15)",320396,0,flora_tree_ac_04
"dagon urul region (20, 15)",320397,0,flora_tree_ac_04
"dagon urul region (20, 15)",320409,0,flora_tree_ac_01
"dagon urul region (20, 15)",320410,0,flora_tree_ac_02
"dagon urul region (20, 15)",320411,0,flora_tree_ac_02
"dagon urul region (20, 15)",320412,0,flora_tree_ac_03
"dagon urul region (20, 15)",320416,0,flora_tree_ac_01
"dagon urul region (20, 15)",320417,0,flora_tree_ac_01
"dagon urul region (20, 15)",320421,0,terrain_rock_ac_05
"dagon urul region (20, 15)",320422,0,terrain_rock_ac_04
"dagon urul region (20, 15)",320431,0,flora_tree_ac_03
"dagon urul region (20, 15)",320432,0,flora_tree_ac_01
"dagon urul region (20, 15)",320433,0,flora_tree_ac_02
"dagon urul region (20, 15)",320434,0,flora_tree_ac_03
"dagon urul region (20, 15)",320435,0,flora_tree_ac_01
"dagon urul region (20, 15)",320436,0,flora_tree_ac_02
"dagon urul region (20, 15)",320437,0,flora_tree_ac_02
"dagon urul region (20, 15)",320438,0,terrain_rock_ac_04
"dagon urul region (20, 15)",320439,0,terrain_rock_ac_05
"dagon urul region (20, 16)",353511,0,terrain_rock_ac_07
"dagon urul region (20, 16)",353512,0,terrain_rock_ac_12
"dagon urul region (20, 16)",353513,0,terrain_rock_ac_06
"dagon urul region (20, 16)",353514,0,terrain_rock_ac_05
"dagon urul region (20, 16)",353519,0,terrain_rock_ac_11
"dagon urul region (20, 16)",353520,0,terrain_rock_ac_11
"dagon urul region (20, 16)",353521,0,terrain_rock_ac_05
"dagon urul region (20, 16)",353522,0,terrain_rock_ac_07
"dagon urul region (20, 16)",353523,0,terrain_rock_ac_05
"dagon urul region (20, 16)",353524,0,terrain_rock_ac_09
"dagon urul region (20, 16)",353525,0,terrain_rock_ac_01
"dagon urul region (20, 16)",353526,0,terrain_rock_ac_10
"dagon urul region (20, 16)",353527,0,terrain_rock_ac_08
"dagon urul region (20, 16)",353528,0,terrain_rock_ac_01
"dagon urul region (20, 16)",353529,0,terrain_rock_ac_01
"dagon urul region (20, 16)",353532,0,flora_tree_ac_01
"dagon urul region (20, 16)",353535,0,flora_tree_ac_02
"dagon urul region (20, 16)",353536,0,flora_tree_ac_02
"dagon urul region (20, 16)",353537,0,terrain_rock_ac_08
"dagon urul region (20, 16)",353538,0,terrain_rock_ac_09
"dagon urul region (20, 16)",353540,0,terrain_rock_ac_05
"dagon urul region (20, 16)",353541,0,terrain_rock_ac_09
"dagon urul region (20, 16)",353542,0,terrain_rock_ac_11
"dagon urul region (20, 16)",353546,0,terrain_rock_ac_09
"dagon urul region (20, 16)",353547,0,terrain_rock_ac_09
"dagon urul region (20, 16)",353549,0,terrain_rock_ac_11
"dagon urul region (20, 16)",353550,0,terrain_rock_ac_09
"dagon urul region (20, 16)",353555,0,terrain_rock_ac_11
"dagon urul region (20, 16)",353556,0,terrain_rock_ac_11
"dagon urul region (20, 16)",353558,0,terrain_rock_ac_09
"dagon urul region (20, 16)",353561,0,terrain_rock_ac_09
"dagon urul region (20, 16)",353563,0,terrain_rock_ac_08
"dagon urul region (20, 16)",353564,0,terrain_rock_ac_11
"dagon urul region (20, 16)",353566,0,flora_tree_ac_01
"dagon urul region (20, 16)",353567,0,flora_tree_ac_04
"dagon urul region (20, 16)",353573,0,flora_tree_ac_01
"dagon urul region (20, 16)",353574,0,flora_tree_ac_02
"dagon urul region (20, 16)",353575,0,flora_tree_ac_01
"dagon urul region (20, 16)",353576,0,flora_tree_ac_03
"dagon urul region (20, 16)",353583,0,flora_tree_ac_01
"dagon urul region (20, 16)",353584,0,flora_tree_ac_02
"dagon urul region (20, 16)",353585,0,flora_tree_ac_04
"dagon urul region (20, 16)",353625,0,terrain_rock_ac_07
"dagon urul region (20, 17)",353658,0,terrain_rock_ac_09
"dagon urul region (20, 17)",353659,0,terrain_rock_ac_10
"dagon urul region (20, 17)",353660,0,flora_tree_ac_04
"dagon urul region (20, 17)",353661,0,terrain_rock_ac_09
"dagon urul region (20, 17)",353662,0,terrain_rock_ac_10
"dagon urul region (20, 17)",353663,0,flora_tree_ac_01
"dagon urul region (20, 17)",353664,0,terrain_rock_ac_07
"dagon urul region (20, 17)",353669,0,terrain_rock_ac_10
"dagon urul region (20, 17)",353670,0,terrain_rock_ac_08
"dagon urul region (20, 17)",353671,0,terrain_rock_ac_03
"dagon urul region (20, 17)",353672,0,terrain_rock_ac_01
"dagon urul region (20, 17)",353673,0,flora_tree_ac_01
"dagon urul region (20, 17)",353679,0,terrain_rock_ac_12
"dagon urul region (20, 17)",353687,0,terrain_rock_ac_07
"dagon urul region (20, 17)",353688,0,terrain_rock_ac_08
"dagon urul region (20, 17)",353689,0,terrain_rock_ac_11
"dagon urul region (20, 17)",353690,0,terrain_rock_ac_01
"dagon urul region (20, 17)",353691,0,terrain_rock_ac_01
"dagon urul region (20, 17)",353692,0,terrain_rock_ac_11
"dagon urul region (20, 17)",353693,0,terrain_rock_ac_09
"dagon urul region (20, 17)",353694,0,terrain_rock_ac_04
"dagon urul region (20, 17)",353695,0,terrain_rock_ac_12
"dagon urul region (20, 17)",353699,0,terrain_rock_ac_10
"dagon urul region (20, 17)",353700,0,terrain_rock_ac_03
"dagon urul region (20, 17)",353701,0,terrain_rock_ac_05
"dagon urul region (20, 17)",353702,0,terrain_rock_ac_10
"dagon urul region (20, 17)",353703,0,terrain_rock_ac_07
"dagon urul region (20, 17)",353704,0,terrain_rock_ac_02
"dagon urul region (20, 17)",353707,0,terrain_rock_ac_10
"dagon urul region (20, 17)",353708,0,terrain_rock_ac_09
"dagon urul region (20, 17)",353709,0,terrain_rock_ac_11
"dagon urul region (20, 17)",353710,0,terrain_rock_ac_07
"dagon urul region (20, 17)",353713,0,terrain_rock_ac_11
"dagon urul region (20, 17)",353714,0,terrain_rock_ac_03
"dagon urul region (20, 17)",353715,0,terrain_rock_ac_06
"dagon urul region (20, 17)",353718,0,terrain_rock_ac_12
"dagon urul region (20, 17)",353719,0,terrain_rock_ac_02
"dagon urul region (20, 17)",353724,0,terrain_rock_ac_04
"dagon urul region (20, 17)",353725,0,flora_tree_ac_02
"dagon urul region (20, 17)",353726,0,flora_tree_ac_02
"dagon urul region (20, 17)",353727,0,flora_tree_ac_02
"dagon urul region (20, 17)",353728,0,terrain_rock_ac_11
"dagon urul region (20, 17)",353743,0,flora_tree_ac_01
"dagon urul region (20, 17)",353744,0,flora_tree_ac_03
"dagon urul region (20, 17)",353745,0,flora_tree_ac_04
"dagon urul region (20, 17)",353750,0,terrain_rock_ac_09
"dagon urul region (20, 17)",353755,0,terrain_rock_ac_09
"dagon urul region (20, 17)",353756,0,terrain_rock_ac_01
"dagon urul region (20, 17)",353759,0,flora_tree_ac_01
"dagon urul region (20, 17)",353760,0,terrain_rock_ac_12
"dagon urul region (20, 17)",353761,0,terrain_rock_ac_09
"dagon urul region (20, 17)",353765,0,terrain_rock_ac_08
"dagon urul region (20, 17)",353766,0,terrain_rock_ac_09
"dagon urul region (20, 17)",353779,0,terrain_rock_ac_01
"dagon urul region (20, 17)",353780,0,terrain_rock_ac_03
"dagon urul region (20, 17)",353781,0,terrain_rock_ac_10
"dagon urul region (21, 8)",4624,0,terrain_rock_ac_04
"dagon urul region (21, 8)",4625,0,terrain_rock_ac_08
"dagon urul region (21, 8)",4634,0,ex_t_rock_coastal_02
"dagon urul region (21, 8)",4642,0,ex_t_rock_coastal_01
"dagon urul region (21, 8)",4643,0,ex_t_rock_coastal_01
"dagon urul region (21, 8)",4644,0,ex_t_rock_coastal_01
"dagon urul region (21, 9)",4573,0,terrain_rock_ac_08
"dagon urul region (21, 9)",4575,0,ex_t_rock_coastal_02
"dagon urul region (21, 9)",4576,0,ex_t_rock_coastal_01
"dagon urul region (21, 9)",4577,0,ex_t_rock_coastal_01
"dagon urul region (21, 9)",4578,0,ex_t_rock_coastal_02
"dagon urul region (21, 9)",4579,0,ex_t_rock_coastal_01
"dagon urul region (21, 9)",4580,0,ex_t_rock_coastal_01
"dagon urul region (21, 9)",4587,0,ex_t_rock_coastal_01
"dagon urul region (21, 9)",4588,0,ex_t_rock_coastal_01
"dagon urul region (21, 9)",4589,0,ex_t_rock_coastal_01
"dagon urul region (21, 9)",4590,0,ex_t_rock_coastal_01
"dagon urul region (21, 9)",4593,0,ex_t_rock_coastal_01
"dagon urul region (21, 9)",4594,0,ex_t_rock_coastal_02
"dagon urul region (21, 9)",4595,0,ex_t_rock_coastal_01
"dagon urul region (21, 9)",4601,0,ex_t_rock_coastal_02
"dagon urul region (21, 9)",4602,0,ex_t_rock_coastal_01
"dagon urul region (21, 9)",4603,0,ex_t_rock_coastal_02
"dagon urul region (21, 9)",4604,0,ex_t_rock_coastal_01
"dagon urul region (21, 9)",4605,0,ex_t_rock_coastal_02
"dagon urul region (21, 10)",4506,0,ex_t_rock_coastal_01
"dagon urul region (21, 10)",4510,0,ex_t_rock_coastal_01
"dagon urul region (21, 10)",4511,0,ex_t_rock_coastal_01
"dagon urul region (21, 10)",4512,0,ex_t_rock_coastal_01
"dagon urul region (21, 10)",4517,0,ex_t_rock_coastal_01
"dagon urul region (21, 10)",4518,0,ex_t_rock_coastal_02
"dagon urul region (21, 10)",4519,0,ex_t_rock_coastal_02
"dagon urul region (21, 10)",4520,0,ex_t_rock_coastal_01
"dagon urul region (21, 10)",4521,0,ex_t_rock_coastal_01
"dagon urul region (21, 10)",4526,0,terrain_rock_ac_08
"dagon urul region (21, 10)",4527,0,terrain_rock_ac_04
"dagon urul region (21, 10)",4533,0,terrain_rock_ac_02
"dagon urul region (21, 10)",4534,0,flora_tree_ac_01
"dagon urul region (21, 10)",4535,0,flora_tree_ac_04
"dagon urul region (21, 10)",4536,0,terrain_rock_ac_12
"dagon urul region (21, 10)",4537,0,terrain_rock_ac_10
"dagon urul region (21, 10)",4538,0,terrain_rock_ac_04
"dagon urul region (21, 10)",4539,0,terrain_rock_ac_01
"dagon urul region (21, 10)",4540,0,terrain_rock_ac_06
"dagon urul region (21, 10)",4545,0,ex_t_rock_coastal_02
"dagon urul region (21, 10)",4546,0,ex_t_rock_coastal_01
"tel oren (21, 11)",322990,0,terrain_rock_ac_04
"tel oren (21, 11)",322991,0,terrain_rock_ac_10
"tel oren (21, 11)",323020,0,flora_tree_ac_02
"tel oren (21, 11)",323024,0,flora_tree_ac_03
"tel oren (21, 11)",323030,0,ex_t_rock_coastal_01
"tel oren (21, 11)",323031,0,ex_t_rock_coastal_01
"tel oren (21, 11)",323032,0,ex_t_rock_coastal_01
"tel oren (21, 11)",323033,0,ex_t_rock_coastal_01
"tel oren (21, 11)",323034,0,ex_t_rock_coastal_01
"tel oren (21, 11)",323035,0,ex_t_rock_coastal_01
"tel oren (21, 11)",323041,0,terrain_rock_ac_08
"tel oren (21, 11)",323042,0,terrain_rock_ac_08
"tel oren (21, 11)",323045,0,terrain_rock_ac_08
"tel oren (21, 11)",323047,0,terrain_rock_ac_04
"tel oren (21, 11)",323058,0,terrain_rock_ac_12
"tel oren (21, 11)",323059,0,terrain_rock_ac_07
"tel oren (21, 11)",323061,0,flora_tree_ac_01
"tel oren (21, 11)",323064,0,terrain_rock_ac_03
"tel oren (21, 11)",323065,0,terrain_rock_ac_04
"tel oren (21, 11)",323071,0,ex_t_rock_coastal_02
"tel oren (21, 11)",323072,0,ex_t_rock_coastal_01
"tel oren (21, 11)",323073,0,ex_t_rock_coastal_01
"ebunammidan (21, 12)",317207,0,terrain_rock_ac_08
"ebunammidan (21, 12)",317208,0,terrain_rock_ac_06
"ebunammidan (21, 12)",317209,0,terrain_rock_ac_04
"ebunammidan (21, 12)",317213,0,terrain_rock_ac_04
"ebunammidan (21, 12)",317214,0,terrain_rock_ac_05
"ebunammidan (21, 12)",317215,0,terrain_rock_ac_04
"ebunammidan (21, 12)",317218,0,terrain_rock_ac_12
"ebunammidan (21, 12)",317219,0,terrain_rock_ac_08
"ebunammidan (21, 12)",317220,0,terrain_rock_ac_10
"ebunammidan (21, 12)",317221,0,terrain_rock_ac_09
"ebunammidan (21, 12)",317222,0,terrain_rock_ac_08
"ebunammidan (21, 12)",317225,0,terrain_rock_ac_11
"ebunammidan (21, 12)",317233,0,terrain_rock_ac_04
"ebunammidan (21, 12)",317234,0,terrain_rock_ac_06
"ebunammidan (21, 12)",317238,0,terrain_rock_ac_04
"ebunammidan (21, 12)",317239,0,terrain_rock_ac_03
"ebunammidan (21, 12)",317240,0,terrain_rock_ac_07
"ebunammidan (21, 12)",317242,0,terrain_rock_ac_02
"ebunammidan (21, 12)",317243,0,terrain_rock_ac_05
"ebunammidan (21, 12)",317244,0,terrain_rock_ac_06
"ebunammidan (21, 12)",317247,0,terrain_rock_ac_06
"ebunammidan (21, 12)",317248,0,terrain_rock_ac_09
"ebunammidan (21, 12)",317249,0,terrain_rock_ac_11
"ebunammidan (21, 12)",317250,0,terrain_rock_ac_12
"ebunammidan (21, 12)",317251,0,terrain_rock_ac_08
"ebunammidan (21, 12)",317289,0,ex_t_rock_coastal_02
"ebunammidan (21, 12)",317290,0,ex_t_rock_coastal_01
"ebunammidan (21, 12)",317291,0,ex_t_rock_coastal_01
"ebunammidan (21, 12)",317292,0,ex_t_rock_coastal_01
"dagon urul region (21, 13)",350108,0,terrain_rock_ac_11
"dagon urul region (21, 13)",350109,0,terrain_rock_ac_03
"dagon urul region (21, 13)",350110,0,terrain_rock_ac_02
"dagon urul region (21, 13)",350111,0,flora_tree_ac_02
"dagon urul region (21, 13)",350112,0,terrain_rock_ac_10
"dagon urul region (21, 13)",350113,0,terrain_rock_ac_09
"dagon urul region (21, 13)",350114,0,terrain_rock_ac_06
"dagon urul region (21, 13)",350115,0,terrain_rock_ac_12
"dagon urul region (21, 13)",350116,0,terrain_rock_ac_10
"dagon urul region (21, 13)",350117,0,terrain_rock_ac_09
"dagon urul region (21, 13)",350119,0,terrain_rock_ac_07
"dagon urul region (21, 13)",350120,0,terrain_rock_ac_04
"dagon urul region (21, 13)",350125,0,terrain_rock_ac_08
"dagon urul region (21, 13)",350126,0,terrain_rock_ac_12
"dagon urul region (21, 13)",350127,0,terrain_rock_ac_06
"dagon urul region (21, 13)",350141,0,terrain_rock_ac_03
"dagon urul region (21, 13)",350142,0,terrain_rock_ac_02
"dagon urul region (21, 13)",350143,0,terrain_rock_ac_02
"dagon urul region (21, 13)",350144,0,terrain_rock_ac_04
"dagon urul region (21, 13)",350151,0,terrain_rock_ac_08
"dagon urul region (21, 13)",350152,0,terrain_rock_ac_12
"dagon urul region (21, 13)",350153,0,terrain_rock_ac_07
"dagon urul region (21, 13)",350154,0,terrain_rock_ac_04
"dagon urul region (21, 13)",350159,0,terrain_rock_ac_10
"dagon urul region (21, 13)",350160,0,terrain_rock_ac_11
"dagon urul region (21, 13)",350161,0,terrain_rock_ac_07
"dagon urul region (21, 13)",350169,0,terrain_rock_ac_04
"dagon urul region (21, 13)",350170,0,terrain_rock_ac_02
"dagon urul region (21, 13)",350171,0,terrain_rock_ac_11
"dagon urul region (21, 13)",350172,0,terrain_rock_ac_02
"dagon urul region (21, 13)",350173,0,terrain_rock_ac_05
"dagon urul region (21, 13)",350174,0,terrain_rock_ac_05
"dagon urul region (21, 13)",350175,0,terrain_rock_ac_11
"dagon urul region (21, 13)",350176,0,flora_tree_ac_01
"dagon urul region (21, 13)",350183,0,terrain_rock_ac_05
"dagon urul region (21, 13)",350184,0,terrain_rock_ac_04
"dagon urul region (21, 13)",350185,0,terrain_rock_ac_09
"dagon urul region (21, 13)",350186,0,terrain_rock_ac_03
"dagon urul region (21, 13)",350187,0,terrain_rock_ac_10
"dagon urul region (21, 13)",350190,0,terrain_rock_ac_03
"dagon urul region (21, 13)",350191,0,terrain_rock_ac_02
"dagon urul region (21, 13)",350196,0,terrain_rock_ac_05
"dagon urul region (21, 13)",350197,0,flora_tree_ac_04
"dagon urul region (21, 13)",350198,0,terrain_rock_ac_07
"dagon urul region (21, 13)",350201,0,terrain_rock_ac_04
"dagon urul region (21, 13)",350206,0,terrain_rock_ac_03
"dagon urul region (21, 13)",350208,0,terrain_rock_ac_12
"dagon urul region (21, 13)",350209,0,terrain_rock_ac_12
"dagon urul region (21, 13)",350210,0,terrain_rock_ac_10
"dagon urul region (21, 13)",350212,0,terrain_rock_ac_11
"dagon urul region (21, 13)",350215,0,terrain_rock_ac_11
"dagon urul region (21, 13)",350216,0,flora_tree_ac_01
"dagon urul region (21, 13)",350218,0,flora_tree_ac_02
"dagon urul region (21, 13)",350220,0,flora_tree_ac_03
"dagon urul region (21, 13)",350221,0,terrain_rock_ac_03
"dagon urul region (21, 13)",350223,0,flora_tree_ac_02
"dagon urul region (21, 13)",350224,0,flora_tree_ac_04
"dagon urul region (21, 13)",350225,0,terrain_rock_ac_10
"dagon urul region (21, 14)",317297,0,terrain_rocks_wg_03
"dagon urul region (21, 14)",317298,0,terrain_rocks_wg_03
"dagon urul region (21, 14)",317299,0,terrain_rocks_wg_03
"dagon urul region (21, 14)",317300,0,terrain_rocks_wg_01
"dagon urul region (21, 14)",317301,0,terrain_rocks_wg_03
"dagon urul region (21, 14)",317309,0,terrain_rock_ac_03
"dagon urul region (21, 14)",317310,0,terrain_rock_ac_02
"dagon urul region (21, 14)",317313,0,terrain_rock_ac_03
"dagon urul region (21, 14)",317315,0,terrain_rock_ac_07
"dagon urul region (21, 14)",317316,0,terrain_rock_ac_02
"dagon urul region (21, 14)",317318,0,terrain_rock_ac_04
"dagon urul region (21, 14)",317319,0,terrain_rock_ac_05
"dagon urul region (21, 14)",317322,0,flora_tree_ac_02
"dagon urul region (21, 14)",317323,0,terrain_rock_ac_08
"dagon urul region (21, 14)",317324,0,terrain_rock_ac_03
"dagon urul region (21, 14)",317325,0,terrain_rock_ac_05
"dagon urul region (21, 14)",317329,0,terrain_rock_ac_02
"dagon urul region (21, 14)",317330,0,terrain_rock_ac_11
"dagon urul region (21, 14)",317331,0,terrain_rock_ac_07
"dagon urul region (21, 14)",317332,0,terrain_rock_ac_12
"dagon urul region (21, 14)",317338,0,terrain_rock_ac_02
"dagon urul region (21, 14)",317339,0,terrain_rock_ac_04
"dagon urul region (21, 14)",317342,0,flora_tree_ac_04
"dagon urul region (21, 14)",317344,0,terrain_rock_ac_12
"dagon urul region (21, 14)",317345,0,terrain_rock_ac_08
"dagon urul region (21, 14)",317347,0,terrain_rock_ac_05
"dagon urul region (21, 14)",317348,0,terrain_rock_ac_04
"dagon urul region (21, 14)",317352,0,flora_tree_ac_01
"dagon urul region (21, 14)",317354,0,terrain_rock_ac_11
"dagon urul region (21, 14)",317359,0,terrain_rock_ac_12
"dagon urul region (21, 14)",317360,0,terrain_rock_ac_08
"dagon urul region (21, 14)",317361,0,terrain_rock_ac_05
"dagon urul region (21, 14)",317365,0,terrain_rock_ac_04
"dagon urul region (21, 14)",317368,0,terrain_rock_ac_10
"dagon urul region (21, 14)",317371,0,terrain_rock_ac_02
"dagon urul region (21, 14)",317372,0,flora_tree_ac_02
"dagon urul region (21, 14)",317373,0,flora_tree_ac_02
"dagon urul region (21, 14)",317374,0,flora_tree_ac_01
"dagon urul region (21, 14)",317375,0,terrain_rock_ac_08
"dagon urul region (21, 14)",317377,0,terrain_rock_ac_09
"dagon urul region (21, 14)",317378,0,terrain_rock_ac_04
"dagon urul region (21, 14)",317382,0,flora_tree_ac_03
"dagon urul region (21, 14)",317385,0,terrain_rock_ac_11
"dagon urul region (21, 14)",317389,0,terrain_rock_ac_07
"dagon urul region (21, 14)",317391,0,terrain_rock_ac_05
"dagon urul region (21, 14)",317392,0,terrain_rock_ac_02
"dagon urul region (21, 14)",317393,0,flora_tree_ac_01
"dagon urul region (21, 14)",317395,0,terrain_rock_ac_11
"dagon urul region (21, 14)",317396,0,flora_tree_ac_02
"dagon urul region (21, 14)",317398,0,terrain_rock_ac_02
"dagon urul region (21, 14)",317399,0,terrain_rock_ac_03
"dagon urul region (21, 14)",317401,0,terrain_rock_ac_01
"dagon urul region (21, 14)",317402,0,flora_tree_ac_03
"dagon urul region (21, 14)",317403,0,flora_tree_ac_04
"dagon urul region (21, 14)",317404,0,terrain_rock_ac_10
"dagon urul region (21, 14)",317405,0,terrain_rock_ac_06
"dagon urul region (21, 14)",317406,0,terrain_rock_ac_04
"dagon urul region (21, 14)",317407,0,terrain_rock_ac_02
"dagon urul region (21, 14)",317413,0,terrain_rock_ac_03
"dagon urul region (21, 14)",317415,0,terrain_rock_ac_11
"dagon urul region (21, 14)",317416,0,terrain_rock_ac_07
"dagon urul region (21, 14)",317421,0,flora_tree_ac_04
"dagon urul region (21, 14)",317422,0,terrain_rock_ac_02
"dagon urul region (21, 14)",317423,0,terrain_rock_ac_09
"dagon urul region (21, 14)",317424,0,terrain_rock_ac_01
"dagon urul region (21, 14)",317425,0,terrain_rock_ac_04
"dagon urul region (21, 14)",317432,0,terrain_rock_ac_11
"dagon urul region (21, 14)",317434,0,terrain_rock_ac_10
"dagon urul region (21, 14)",317435,0,terrain_rock_ac_07
"dagon urul region (21, 14)",317436,0,terrain_rock_ac_04
"dagon urul region (21, 14)",317442,0,terrain_rock_ac_11
"dagon urul region (21, 14)",317443,0,terrain_rock_ac_10
"dagon urul region (21, 14)",317444,0,terrain_rock_ac_03
"dagon urul region (21, 14)",317445,0,terrain_rock_ac_04
"dagon urul region (21, 14)",317446,0,terrain_rock_ac_03
"dagon urul region (21, 14)",317447,0,terrain_rock_ac_02
"dagon urul region (21, 14)",317453,0,flora_tree_ac_02
"dagon urul region (21, 14)",317454,0,flora_tree_ac_01
"dagon urul region (21, 14)",317455,0,terrain_rock_ac_06
"dagon urul region (21, 14)",317456,0,terrain_rock_ac_08
"dagon urul region (21, 14)",317459,0,terrain_rock_ac_09
"dagon urul region (21, 14)",317460,0,terrain_rock_ac_12
"dagon urul region (21, 14)",317462,0,terrain_rock_ac_10
"dagon urul region (21, 14)",317463,0,terrain_rock_ac_11
"dagon urul region (21, 14)",317465,0,flora_tree_ac_04
"dagon urul region (21, 14)",317466,0,flora_tree_ac_03
"dagon urul region (21, 14)",317468,0,terrain_rock_ac_12
"dagon urul region (21, 14)",317469,0,terrain_rock_ac_10
"dagon urul region (21, 14)",317491,0,terrain_rock_ac_08
"dagon urul region (21, 14)",317492,0,terrain_rock_ac_04
"dagon urul region (21, 15)",332226,0,terrain_rock_wg_10
"dagon urul region (21, 15)",332227,0,flora_tree_wg_07
"dagon urul region (21, 15)",332230,0,terrain_rock_wg_01
"dagon urul region (21, 15)",332231,0,terrain_rock_wg_18
"dagon urul region (21, 15)",332237,0,terrain_rocks_wg_01
"dagon urul region (21, 15)",332238,0,terrain_rocks_wg_03
"dagon urul region (21, 15)",332239,0,terrain_rocks_wg_01
"dagon urul region (21, 15)",332240,0,terrain_rocks_wg_01
"dagon urul region (21, 15)",332241,0,terrain_rocks_wg_01
"dagon urul region (21, 15)",332242,0,terrain_rocks_wg_01
"dagon urul region (21, 15)",332243,0,terrain_rocks_wg_01
"dagon urul region (21, 15)",332244,0,terrain_rocks_wg_01
"dagon urul region (21, 15)",332245,0,terrain_rocks_wg_03
"dagon urul region (21, 15)",332246,0,terrain_rocks_wg_01
"dagon urul region (21, 15)",332247,0,terrain_rocks_wg_03
"dagon urul region (21, 15)",332248,0,terrain_rocks_wg_01
"dagon urul region (21, 15)",332249,0,terrain_rocks_wg_03
"dagon urul region (21, 15)",332250,0,terrain_rocks_wg_01
"dagon urul region (21, 15)",332251,0,terrain_rocks_wg_03
"dagon urul region (21, 15)",332252,0,terrain_rocks_wg_03
"dagon urul region (21, 15)",332253,0,terrain_rocks_wg_03
"dagon urul region (21, 15)",332254,0,terrain_rocks_wg_03
"dagon urul region (21, 15)",332255,0,terrain_rocks_wg_01
"dagon urul region (21, 15)",332256,0,terrain_rocks_wg_03
"dagon urul region (21, 15)",332257,0,terrain_rocks_wg_03
"dagon urul region (21, 15)",332258,0,terrain_rocks_wg_03
"dagon urul region (21, 15)",332259,0,terrain_rocks_wg_03
"dagon urul region (21, 15)",332260,0,terrain_rocks_wg_03
"dagon urul region (21, 15)",332261,0,terrain_rocks_wg_01
"dagon urul region (21, 15)",332262,0,terrain_rocks_wg_01
"dagon urul region (21, 15)",332263,0,terrain_rocks_wg_03
"dagon urul region (21, 15)",332264,0,terrain_rocks_wg_03
"dagon urul region (21, 15)",332265,0,terrain_rocks_wg_03
"dagon urul region (21, 15)",332266,0,terrain_rocks_wg_03
"dagon urul region (21, 15)",332267,0,terrain_rocks_wg_03
"dagon urul region (21, 15)",332268,0,terrain_rocks_wg_03
"dagon urul region (21, 15)",332269,0,terrain_rocks_wg_01
"dagon urul region (21, 15)",332270,0,terrain_rocks_wg_01
"dagon urul region (21, 15)",332271,0,terrain_rocks_wg_03
"dagon urul region (21, 15)",332272,0,terrain_rocks_wg_03
"dagon urul region (21, 15)",332273,0,terrain_rocks_wg_03
"dagon urul region (21, 15)",332274,0,terrain_rocks_wg_03
"dagon urul region (21, 15)",332275,0,terrain_rocks_wg_03
"dagon urul region (21, 15)",332276,0,terrain_rocks_wg_03
"dagon urul region (21, 15)",332277,0,terrain_rocks_wg_01
"dagon urul region (21, 15)",332278,0,terrain_rocks_wg_03
"dagon urul region (21, 15)",332279,0,terrain_rocks_wg_03
"dagon urul region (21, 15)",332280,0,terrain_rocks_wg_03
"dagon urul region (21, 15)",332281,0,terrain_rocks_wg_03
"dagon urul region (21, 15)",332282,0,terrain_rocks_wg_03
"dagon urul region (21, 15)",332283,0,terrain_rocks_wg_01
"dagon urul region (21, 15)",332284,0,terrain_rocks_wg_03
"dagon urul region (21, 15)",332285,0,terrain_rocks_wg_03
"dagon urul region (21, 15)",332286,0,terrain_rocks_wg_03
"dagon urul region (21, 15)",332287,0,terrain_rocks_wg_03
"dagon urul region (21, 15)",332288,0,terrain_rocks_wg_03
"dagon urul region (21, 15)",332289,0,terrain_rocks_wg_01
"dagon urul region (21, 15)",332290,0,flora_tree_wg_01
"dagon urul region (21, 15)",332292,0,terrain_rock_wg_01
"dagon urul region (21, 15)",332293,0,flora_tree_wg_06
"dagon urul region (21, 15)",332295,0,terrain_rock_wg_05
"dagon urul region (21, 15)",332296,0,terrain_rocks_wg_01
"dagon urul region (21, 15)",332304,0,terrain_rock_wg_18
"dagon urul region (21, 15)",332305,0,flora_tree_wg_01
"dagon urul region (21, 15)",332306,0,terrain_rock_wg_10
"dagon urul region (21, 15)",332307,0,terrain_rock_wg_10
"dagon urul region (21, 15)",332308,0,terrain_rock_wg_08
"dagon urul region (21, 15)",332309,0,flora_tree_wg_01
"dagon urul region (21, 15)",332310,0,terrain_rocks_wg_01
"dagon urul region (21, 15)",332311,0,terrain_rock_wg_17
"dagon urul region (21, 15)",332312,0,terrain_rocks_wg_04
"dagon urul region (21, 15)",332314,0,flora_tree_wg_01
"dagon urul region (21, 15)",332315,0,terrain_rocks_wg_03
"dagon urul region (21, 15)",332316,0,flora_treestump_wg_02
"dagon urul region (21, 15)",332317,0,terrain_rock_wg_16
"dagon urul region (21, 15)",332318,0,terrain_rock_wg_16
"dagon urul region (21, 15)",332319,0,terrain_rock_wg_15
"dagon urul region (21, 15)",332320,0,terrain_rock_wg_15
"dagon urul region (21, 15)",332321,0,terrain_rocks_wg_03
"dagon urul region (21, 15)",332322,0,terrain_rocks_wg_01
"dagon urul region (21, 15)",332323,0,terrain_rocks_wg_03
"dagon urul region (21, 15)",332324,0,terrain_rocks_wg_03
"dagon urul region (21, 15)",332325,0,terrain_rocks_wg_03
"dagon urul region (21, 15)",332326,0,terrain_rocks_wg_01
"dagon urul region (21, 15)",332328,0,terrain_rocks_wg_01
"dagon urul region (21, 15)",332329,0,terrain_rocks_wg_01
"dagon urul region (21, 15)",332331,0,terrain_rocks_wg_01
"dagon urul region (21, 15)",332332,0,terrain_rocks_wg_01
"dagon urul region (21, 15)",332333,0,terrain_rocks_wg_03
"dagon urul region (21, 15)",332334,0,terrain_rock_ac_08
"dagon urul region (21, 15)",332338,0,flora_tree_ac_01
"dagon urul region (21, 15)",332339,0,flora_tree_ac_02
"dagon urul region (21, 15)",332340,0,terrain_rock_ac_08
"dagon urul region (21, 15)",332341,0,terrain_rock_ac_07
"dagon urul region (21, 15)",332342,0,terrain_rock_ac_04
"dagon urul region (21, 15)",332344,0,terrain_rock_ac_12
"dagon urul region (21, 15)",332345,0,flora_tree_ac_04
"dagon urul region (21, 15)",332346,0,terrain_rock_ac_05
"dagon urul region (21, 15)",332347,0,terrain_rock_ac_03
"dagon urul region (21, 15)",332349,0,terrain_rock_ac_07
"dagon urul region (21, 15)",332354,0,flora_tree_ac_02
"dagon urul region (21, 15)",332355,0,flora_tree_ac_01
"dagon urul region (21, 15)",332356,0,terrain_rock_ac_01
"dagon urul region (21, 15)",332357,0,terrain_rock_ac_06
"dagon urul region (21, 15)",332358,0,terrain_rock_ac_05
"dagon urul region (21, 15)",332359,0,terrain_rock_ac_12
"dagon urul region (21, 15)",332360,0,terrain_rock_ac_03
"dagon urul region (21, 15)",332361,0,terrain_rock_ac_04
"dagon urul region (21, 15)",332362,0,flora_tree_ac_02
"dagon urul region (21, 15)",332363,0,terrain_rock_ac_02
"dagon urul region (21, 15)",332364,0,terrain_rock_ac_02
"dagon urul region (21, 15)",332372,0,flora_tree_ac_04
"dagon urul region (21, 15)",332373,0,terrain_rock_ac_11
"dagon urul region (21, 15)",332374,0,terrain_rock_ac_09
"dagon urul region (21, 15)",332375,0,terrain_rock_ac_04
"dagon urul region (21, 15)",332376,0,terrain_rock_ac_03
"dagon urul region (21, 15)",332382,0,terrain_rock_ac_09
"dagon urul region (21, 15)",332383,0,flora_tree_ac_03
"dagon urul region (21, 15)",332384,0,flora_tree_ac_04
"dagon urul region (21, 15)",332388,0,terrain_rock_ac_06
"dagon urul region (21, 15)",332389,0,terrain_rock_ac_02
"dagon urul region (21, 15)",332395,0,terrain_rock_ac_12
"dagon urul region (21, 15)",332396,0,terrain_rock_ac_08
"dagon urul region (22, 7)",2442,0,terrain_rock_ac_08
"dagon urul region (22, 7)",2443,0,terrain_rock_ac_04
"dagon urul region (22, 7)",2444,0,flora_tree_ac_03
"dagon urul region (22, 7)",2445,0,terrain_rock_ac_12
"dagon urul region (22, 7)",2446,0,ex_t_rock_coastal_02
"dagon urul region (22, 7)",2447,0,ex_t_rock_coastal_01
"dagon urul region (22, 7)",2448,0,ex_t_rock_coastal_01
"dagon urul region (22, 7)",2449,0,ex_t_rock_coastal_01
"dagon urul region (22, 7)",2450,0,ex_t_rock_coastal_01
"dagon urul region (22, 7)",2451,0,ex_t_rock_coastal_02
"dagon urul region (22, 7)",2452,0,ex_t_rock_coastal_01
"dagon urul region (22, 7)",2453,0,ex_t_rock_coastal_01
"dagon urul region (22, 7)",2454,0,ex_t_rock_coastal_01
"dagon urul region (22, 7)",2484,0,ex_t_rock_coastal_02
"dagon urul region (22, 7)",2485,0,ex_t_rock_coastal_01
"dagon urul region (22, 7)",2486,0,ex_t_rock_coastal_01
"dagon urul region (22, 7)",2487,0,ex_t_rock_coastal_01
"dagon urul region (22, 7)",2488,0,ex_t_rock_coastal_01
"dagon urul region (22, 7)",2493,0,terrain_rock_ac_11
"dagon urul region (22, 7)",2494,0,terrain_rock_ac_07
"dagon urul region (22, 7)",2495,0,flora_tree_ac_01
"dagon urul region (22, 7)",2496,0,flora_tree_ac_01
"dagon urul region (22, 7)",2497,0,flora_tree_ac_02
"dagon urul region (22, 8)",2353,0,ex_t_rock_coastal_01
"dagon urul region (22, 8)",2354,0,ex_t_rock_coastal_01
"dagon urul region (22, 8)",2358,0,ex_t_rock_coastal_01
"dagon urul region (22, 8)",2359,0,ex_t_rock_coastal_01
"dagon urul region (22, 8)",2360,0,ex_t_rock_coastal_01
"dagon urul region (22, 8)",2361,0,ex_t_rock_coastal_01
"dagon urul region (22, 8)",2375,0,terrain_rock_ac_12
"dagon urul region (22, 8)",2376,0,terrain_rock_ac_04
"dagon urul region (22, 8)",2377,0,terrain_rock_ac_03
"dagon urul region (22, 8)",2378,0,terrain_rock_ac_02
"dagon urul region (22, 8)",2382,0,terrain_rock_ac_08
"dagon urul region (22, 8)",2386,0,ex_t_rock_coastal_01
"dagon urul region (22, 8)",2387,0,ex_t_rock_coastal_02
"dagon urul region (22, 8)",2388,0,ex_t_rock_coastal_01
"dagon urul region (22, 8)",2389,0,ex_t_rock_coastal_01
"dagon urul region (22, 8)",2390,0,ex_t_rock_coastal_01
"dagon urul region (22, 8)",2391,0,ex_t_rock_coastal_02
"dagon urul region (22, 8)",2392,0,ex_t_rock_coastal_01
"dagon urul region (22, 8)",2400,0,terrain_rock_ac_04
"dagon urul region (22, 8)",2401,0,terrain_rock_ac_10
"dagon urul region (22, 8)",2412,0,terrain_rock_ac_06
"dagon urul region (22, 8)",2416,0,ex_t_rock_coastal_02
"dagon urul region (22, 8)",2417,0,ex_t_rock_coastal_01
"dagon urul region (22, 8)",2418,0,ex_t_rock_coastal_02
"dagon urul region (22, 8)",2419,0,ex_t_rock_coastal_01
"dagon urul region (22, 8)",2435,0,ex_t_rock_coastal_01
"dagon urul region (22, 9)",323097,0,flora_tree_ac_01
"dagon urul region (22, 9)",323098,0,terrain_rock_ac_04
"dagon urul region (22, 9)",323099,0,terrain_rock_ac_10
"dagon urul region (22, 9)",323100,0,terrain_rock_ac_06
"dagon urul region (22, 9)",323102,0,terrain_rock_ac_07
"dagon urul region (22, 9)",323103,0,flora_tree_ac_02
"dagon urul region (22, 9)",323104,0,flora_tree_ac_02
"dagon urul region (22, 9)",323105,0,ex_t_rock_coastal_02
"dagon urul region (22, 9)",323106,0,ex_t_rock_coastal_01
"dagon urul region (22, 9)",323107,0,ex_t_rock_coastal_01
"dagon urul region (22, 9)",323112,0,flora_tree_ac_04
"dagon urul region (22, 9)",323120,0,terrain_rock_ac_09
"dagon urul region (22, 9)",323121,0,terrain_rock_ac_04
"dagon urul region (22, 9)",323122,0,terrain_rock_ac_03
"dagon urul region (22, 9)",323129,0,ex_t_rock_coastal_02
"dagon urul region (22, 9)",323130,0,ex_t_rock_coastal_01
"dagon urul region (22, 9)",323131,0,ex_t_rock_coastal_01
"dagon urul region (22, 9)",323132,0,ex_t_rock_coastal_02
"dagon urul region (22, 9)",323133,0,ex_t_rock_coastal_01
"dagon urul region (22, 9)",323134,0,ex_t_rock_coastal_01
"dagon urul region (22, 9)",323140,0,ex_t_rock_coastal_02
"dagon urul region (22, 9)",323141,0,ex_t_rock_coastal_02
"dagon urul region (22, 9)",323142,0,ex_t_rock_coastal_01
"dagon urul region (22, 9)",323145,0,ex_t_rock_coastal_01
"dagon urul region (22, 9)",323146,0,ex_t_rock_coastal_01
"dagon urul region (22, 9)",323147,0,ex_t_rock_coastal_02
"dagon urul region (22, 9)",323149,0,ex_t_rock_coastal_01
"dagon urul region (22, 9)",323150,0,ex_t_rock_coastal_01
"dagon urul region (22, 9)",323151,0,ex_t_rock_coastal_01
"dagon urul region (22, 9)",323152,0,ex_t_rock_coastal_01
"dagon urul region (22, 9)",323153,0,ex_t_rock_coastal_02
"dagon urul region (22, 9)",323154,0,ex_t_rock_coastal_01
"dagon urul region (22, 9)",323155,0,ex_t_rock_coastal_01
"dagon urul region (22, 9)",323156,0,ex_t_rock_coastal_01
"dagon urul region (22, 9)",323157,0,ex_t_rock_coastal_01
"dagon urul region (22, 9)",323168,0,terrain_rock_ac_09
"dagon urul region (22, 9)",323173,0,terrain_rock_ac_08
"dagon urul region (22, 10)",317505,0,ex_t_rock_coastal_02
"dagon urul region (22, 10)",317506,0,ex_t_rock_coastal_01
"dagon urul region (22, 10)",317507,0,ex_t_rock_coastal_02
"dagon urul region (22, 10)",317510,0,ex_t_rock_coastal_02
"dagon urul region (22, 10)",317511,0,ex_t_rock_coastal_01
"dagon urul region (22, 10)",317517,0,terrain_rock_ac_04
"dagon urul region (22, 10)",317518,0,terrain_rock_ac_06
"dagon urul region (22, 10)",317519,0,terrain_rock_ac_03
"dagon urul region (22, 10)",317522,0,terrain_rock_ac_12
"dagon urul region (22, 10)",317523,0,terrain_rock_ac_05
"dagon urul region (22, 10)",317530,0,terrain_rock_ac_11
"dagon urul region (22, 10)",317545,0,ex_t_rock_coastal_02
"dagon urul region (22, 10)",317546,0,ex_t_rock_coastal_01
"dagon urul region (22, 10)",317547,0,ex_t_rock_coastal_01
"dagon urul region (22, 10)",317548,0,ex_t_rock_coastal_01
"dagon urul region (22, 10)",317549,0,ex_t_rock_coastal_02
"dagon urul region (22, 10)",317550,0,ex_t_rock_coastal_01
"dagon urul region (22, 10)",317551,0,ex_t_rock_coastal_01
"dagon urul region (22, 10)",317552,0,ex_t_rock_coastal_01
"dagon urul region (22, 10)",317580,0,terrain_rock_ac_10
"dagon urul region (22, 10)",317581,0,terrain_rock_ac_12
"dagon urul region (22, 10)",317583,0,terrain_rock_ac_02
"dagon urul region (22, 10)",317584,0,terrain_rock_ac_11
"dagon urul region (22, 10)",317596,0,flora_tree_ac_02
"dagon urul region (22, 10)",317597,0,terrain_rock_ac_06
"dagon urul region (22, 10)",317598,0,terrain_rock_ac_09
"dagon urul region (22, 11)",317616,0,terrain_rock_ac_02
"dagon urul region (22, 11)",317617,0,terrain_rock_ac_12
"dagon urul region (22, 11)",317618,0,terrain_rock_ac_12
"dagon urul region (22, 11)",317619,0,terrain_rock_ac_12
"dagon urul region (22, 11)",317647,0,terrain_rock_ac_09
"dagon urul region (22, 11)",317648,0,terrain_rock_ac_03
"dagon urul region (22, 11)",317664,0,terrain_rock_ac_02
"dagon urul region (22, 11)",317665,0,terrain_rock_ac_10
"dagon urul region (22, 11)",317666,0,terrain_rock_ac_08
"dagon urul region (22, 11)",317667,0,terrain_rock_ac_10
"dagon urul region (22, 11)",317668,0,terrain_rock_ac_08
"dagon urul region (22, 11)",317671,0,terrain_rock_ac_10
"dagon urul region (22, 11)",317672,0,terrain_rock_ac_06
"dagon urul region (22, 11)",317673,0,terrain_rock_ac_07
"dagon urul region (22, 11)",317686,0,flora_tree_ac_04
"dagon urul region (22, 11)",317687,0,terrain_rock_ac_03
"dagon urul region (22, 11)",317688,0,terrain_rock_ac_02
"dagon urul region (22, 11)",317694,0,terrain_rock_ac_10
"dagon urul region (22, 11)",317695,0,terrain_rock_ac_06
"dagon urul region (22, 11)",317696,0,flora_tree_ac_01
"dagon urul region (22, 11)",317697,0,flora_tree_ac_02
"dagon urul region (22, 11)",317702,0,terrain_rock_ac_06
"dagon urul region (22, 11)",317703,0,terrain_rock_ac_07
"dagon urul region (22, 11)",317704,0,terrain_rock_ac_04
"dagon urul region (22, 11)",317705,0,terrain_rock_ac_10
"dagon urul region (22, 12)",317728,0,terrain_rocks_wg_03
"dagon urul region (22, 12)",317729,0,terrain_rocks_wg_03
"dagon urul region (22, 12)",317730,0,terrain_rocks_wg_03
"dagon urul region (22, 12)",317731,0,terrain_rocks_wg_03
"dagon urul region (22, 12)",317741,0,flora_tree_ac_01
"dagon urul region (22, 12)",317742,0,flora_tree_ac_02
"dagon urul region (22, 12)",317743,0,flora_tree_ac_04
"dagon urul region (22, 12)",317744,0,flora_tree_ac_04
"dagon urul region (22, 12)",317745,0,terrain_rock_ac_12
"dagon urul region (22, 12)",317746,0,terrain_rock_ac_02
"dagon urul region (22, 12)",317747,0,terrain_rock_ac_03
"dagon urul region (22, 12)",317749,0,terrain_rock_ac_04
"dagon urul region (22, 12)",317750,0,terrain_rock_ac_03
"dagon urul region (22, 12)",317753,0,terrain_rock_ac_10
"dagon urul region (22, 12)",317759,0,terrain_rock_ac_03
"dagon urul region (22, 12)",317763,0,terrain_rock_ac_06
"dagon urul region (22, 12)",317764,0,terrain_rock_ac_04
"dagon urul region (22, 12)",317765,0,terrain_rock_ac_06
"dagon urul region (22, 12)",317766,0,terrain_rock_ac_03
"dagon urul region (22, 12)",317767,0,flora_tree_ac_02
"dagon urul region (22, 12)",317773,0,terrain_rock_ac_02
"dagon urul region (22, 12)",317775,0,flora_tree_ac_04
"dagon urul region (22, 12)",317776,0,terrain_rock_ac_03
"dagon urul region (22, 12)",317777,0,terrain_rock_ac_11
"dagon urul region (22, 12)",317778,0,terrain_rock_ac_02
"dagon urul region (22, 12)",317783,0,terrain_rock_ac_10
"dagon urul region (22, 12)",317784,0,terrain_rock_ac_04
"dagon urul region (22, 12)",317785,0,terrain_rock_ac_11
"dagon urul region (22, 12)",317789,0,terrain_rock_ac_02
"dagon urul region (22, 12)",317790,0,terrain_rock_ac_03
"dagon urul region (22, 12)",317794,0,terrain_rock_ac_12
"dagon urul region (22, 12)",317795,0,terrain_rock_ac_11
"dagon urul region (22, 12)",317796,0,terrain_rock_ac_08
"dagon urul region (22, 12)",317797,0,terrain_rock_ac_06
"dagon urul region (22, 12)",317799,0,terrain_rock_ac_07
"dagon urul region (22, 12)",317800,0,terrain_rock_ac_04
"dagon urul region (22, 12)",317801,0,terrain_rock_ac_02
"dagon urul region (22, 12)",317802,0,terrain_rock_ac_11
"dagon urul region (22, 12)",317803,0,terrain_rock_ac_04
"dagon urul region (22, 12)",317806,0,terrain_rock_ac_05
"dagon urul region (22, 12)",317807,0,terrain_rock_ac_12
"dagon urul region (22, 12)",317813,0,flora_tree_ac_02
"dagon urul region (22, 12)",317814,0,flora_tree_ac_01
"dagon urul region (22, 12)",317815,0,terrain_rock_ac_04
"dagon urul region (22, 12)",317816,0,terrain_rock_ac_02
"dagon urul region (22, 12)",317821,0,terrain_rock_ac_02
"dagon urul region (22, 12)",317823,0,terrain_rock_ac_11
"dagon urul region (22, 12)",317824,0,terrain_rock_ac_03
"dagon urul region (22, 12)",317826,0,flora_tree_ac_04
"dagon urul region (22, 12)",317828,0,terrain_rock_ac_04
"dagon urul region (22, 12)",317830,0,terrain_rock_ac_12
"dagon urul region (22, 12)",317831,0,terrain_rock_ac_03
"dagon urul region (22, 12)",317836,0,terrain_rock_ac_07
"dagon urul region (22, 12)",317837,0,terrain_rock_ac_01
"dagon urul region (22, 12)",317838,0,terrain_rock_ac_04
"dagon urul region (22, 12)",317839,0,terrain_rock_ac_07
"dagon urul region (22, 12)",317840,0,flora_tree_ac_02
"dagon urul region (22, 12)",317841,0,flora_tree_ac_02
"dagon urul region (22, 12)",317842,0,flora_tree_ac_02
"dagon urul region (22, 12)",317843,0,flora_tree_ac_01
"dagon urul region (22, 12)",317844,0,terrain_rock_ac_02
"dagon urul region (22, 12)",317845,0,terrain_rock_ac_02
"dagon urul region (22, 12)",317849,0,flora_tree_ac_04
"dagon urul region (22, 12)",317850,0,flora_tree_ac_03
"dagon urul region (22, 12)",317851,0,terrain_rock_ac_04
"dagon urul region (22, 12)",317852,0,terrain_rock_ac_02
"dagon urul region (22, 12)",317853,0,terrain_rock_ac_11
"dagon urul region (22, 12)",317854,0,terrain_rock_ac_08
"dagon urul region (22, 12)",317860,0,terrain_rock_ac_12
"dagon urul region (22, 12)",317861,0,terrain_rock_ac_11
"dagon urul region (22, 12)",317865,0,terrain_rock_ac_12
"dagon urul region (22, 12)",317867,0,terrain_rock_ac_12
"dagon urul region (22, 12)",317869,0,flora_tree_ac_02
"dagon urul region (22, 12)",317870,0,terrain_rock_ac_11
"dagon urul region (22, 12)",317871,0,terrain_rock_ac_11
"dagon urul region (22, 12)",317873,0,flora_tree_ac_03
"dagon urul region (22, 12)",317874,0,terrain_rock_ac_03
"dagon urul region (22, 12)",317875,0,terrain_rock_ac_02
"dagon urul region (22, 12)",317880,0,terrain_rock_ac_10
"dagon urul region (22, 12)",317881,0,terrain_rock_ac_11
"dagon urul region (22, 12)",317882,0,flora_tree_ac_03
"dagon urul region (22, 12)",317883,0,terrain_rock_ac_04
"dagon urul region (22, 12)",317884,0,terrain_rock_ac_05
"dagon urul region (22, 12)",317885,0,flora_tree_ac_02
"dagon urul region (22, 12)",317886,0,flora_tree_ac_02
"dagon urul region (22, 12)",317887,0,terrain_rock_ac_06
"dagon urul region (22, 12)",317888,0,terrain_rock_ac_03
"dagon urul region (22, 12)",317889,0,flora_tree_ac_01
"dagon urul region (22, 12)",317896,0,terrain_rock_ac_12
"dagon urul region (22, 12)",317897,0,terrain_rock_ac_08
"dagon urul region (22, 12)",317898,0,terrain_rock_ac_01
"dagon urul region (22, 12)",317899,0,terrain_rock_ac_03
"dagon urul region (22, 12)",317901,0,terrain_rock_ac_08
"dagon urul region (22, 12)",317903,0,flora_tree_ac_01
"dagon urul region (22, 12)",317904,0,flora_tree_ac_02
"dagon urul region (22, 12)",317906,0,terrain_rock_ac_06
"dagon urul region (22, 12)",317907,0,flora_tree_ac_01
"dagon urul region (22, 12)",317908,0,terrain_rock_ac_07
"dagon urul region (22, 12)",317910,0,terrain_rock_ac_12
"dagon urul region (22, 12)",317911,0,terrain_rock_ac_07
"dagon urul region (22, 12)",317912,0,terrain_rock_ac_11
"dagon urul region (22, 13)",323196,0,terrain_rock_wg_18
"dagon urul region (22, 13)",323197,0,terrain_rocks_wg_01
"dagon urul region (22, 13)",323198,0,terrain_rocks_wg_03
"dagon urul region (22, 13)",323199,0,terrain_rocks_wg_03
"dagon urul region (22, 13)",323200,0,terrain_rocks_wg_01
"dagon urul region (22, 13)",323201,0,terrain_rocks_wg_03
"dagon urul region (22, 13)",323202,0,terrain_rocks_wg_03
"dagon urul region (22, 13)",323203,0,terrain_rocks_wg_03
"dagon urul region (22, 13)",323204,0,terrain_rocks_wg_03
"dagon urul region (22, 13)",323205,0,terrain_rocks_wg_03
"dagon urul region (22, 13)",323206,0,terrain_rocks_wg_03
"dagon urul region (22, 13)",323207,0,terrain_rocks_wg_03
"dagon urul region (22, 13)",323208,0,terrain_rocks_wg_03
"dagon urul region (22, 13)",323209,0,terrain_rocks_wg_03
"dagon urul region (22, 13)",323210,0,terrain_rocks_wg_03
"dagon urul region (22, 13)",323211,0,terrain_rocks_wg_03
"dagon urul region (22, 13)",323212,0,terrain_rocks_wg_03
"dagon urul region (22, 13)",323213,0,terrain_rocks_wg_03
"dagon urul region (22, 13)",323214,0,terrain_rocks_wg_03
"dagon urul region (22, 13)",323215,0,terrain_rocks_wg_03
"dagon urul region (22, 13)",323216,0,terrain_rocks_wg_03
"dagon urul region (22, 13)",323217,0,terrain_rocks_wg_03
"dagon urul region (22, 13)",323218,0,terrain_rocks_wg_03
"dagon urul region (22, 13)",323219,0,terrain_rocks_wg_03
"dagon urul region (22, 13)",323220,0,terrain_rock_wg_10
"dagon urul region (22, 13)",323221,0,terrain_rock_wg_10
"dagon urul region (22, 13)",323222,0,terrain_rock_wg_18
"dagon urul region (22, 13)",323223,0,terrain_rock_wg_03
"dagon urul region (22, 13)",323224,0,terrain_rock_wg_12
"dagon urul region (22, 13)",323225,0,terrain_rocks_wg_01
"dagon urul region (22, 13)",323226,0,terrain_rocks_wg_03
"dagon urul region (22, 13)",323227,0,terrain_rocks_wg_03
"dagon urul region (22, 13)",323228,0,terrain_rocks_wg_03
"dagon urul region (22, 13)",323229,0,terrain_rocks_wg_03
"dagon urul region (22, 13)",323230,0,terrain_rocks_wg_03
"dagon urul region (22, 13)",323231,0,terrain_rocks_wg_03
"dagon urul region (22, 13)",323232,0,terrain_rocks_wg_03
"dagon urul region (22, 13)",323233,0,terrain_rocks_wg_03
"dagon urul region (22, 13)",323234,0,terrain_rocks_wg_03
"dagon urul region (22, 13)",323235,0,terrain_rocks_wg_01
"dagon urul region (22, 13)",323236,0,terrain_rocks_wg_03
"dagon urul region (22, 13)",323237,0,terrain_rocks_wg_03
"dagon urul region (22, 13)",323238,0,terrain_rocks_wg_03
"dagon urul region (22, 13)",323239,0,terrain_rocks_wg_03
"dagon urul region (22, 13)",323240,0,terrain_rocks_wg_03
"dagon urul region (22, 13)",323241,0,terrain_rocks_wg_03
"dagon urul region (22, 13)",323242,0,terrain_rocks_wg_03
"dagon urul region (22, 13)",323243,0,terrain_rocks_wg_03
"dagon urul region (22, 13)",323244,0,terrain_rocks_wg_03
"dagon urul region (22, 13)",323245,0,terrain_rocks_wg_03
"dagon urul region (22, 13)",323246,0,terrain_rocks_wg_03
"dagon urul region (22, 13)",323247,0,terrain_rocks_wg_03
"dagon urul region (22, 13)",323248,0,terrain_rocks_wg_03
"dagon urul region (22, 13)",323249,0,terrain_rocks_wg_03
"dagon urul region (22, 13)",323250,0,terrain_rock_wg_01
"dagon urul region (22, 13)",323252,0,flora_tree_wg_01
"dagon urul region (22, 13)",323253,0,terrain_rock_wg_05
"dagon urul region (22, 13)",323254,0,terrain_rock_wg_18
"dagon urul region (22, 13)",323257,0,flora_tree_wg_06
"dagon urul region (22, 13)",323258,0,terrain_rock_wg_17
"dagon urul region (22, 13)",323259,0,terrain_rock_wg_12
"dagon urul region (22, 13)",323260,0,terrain_rock_wg_07
"dagon urul region (22, 13)",323261,0,terrain_rock_wg_10
"dagon urul region (22, 13)",323262,0,terrain_rock_wg_10
"dagon urul region (22, 13)",323263,0,terrain_rock_wg_12
"dagon urul region (22, 13)",323264,0,terrain_rocks_wg_03
"dagon urul region (22, 13)",323265,0,terrain_rocks_wg_03
"dagon urul region (22, 13)",323266,0,terrain_rocks_wg_03
"dagon urul region (22, 13)",323267,0,terrain_rocks_wg_03
"dagon urul region (22, 13)",323268,0,terrain_rocks_wg_03
"dagon urul region (22, 13)",323269,0,terrain_rocks_wg_03
"dagon urul region (22, 13)",323270,0,terrain_rocks_wg_03
"dagon urul region (22, 13)",323271,0,terrain_rocks_wg_03
"dagon urul region (22, 13)",323272,0,terrain_rocks_wg_03
"dagon urul region (22, 13)",323273,0,terrain_rocks_wg_03
"dagon urul region (22, 13)",323274,0,terrain_rocks_wg_03
"dagon urul region (22, 13)",323275,0,terrain_rocks_wg_03
"dagon urul region (22, 13)",323276,0,terrain_rocks_wg_03
"dagon urul region (22, 13)",323278,0,terrain_rock_wg_17
"dagon urul region (22, 13)",323279,0,terrain_rock_wg_10
"dagon urul region (22, 13)",323280,0,terrain_rock_wg_12
"dagon urul region (22, 13)",323281,0,terrain_rock_wg_10
"dagon urul region (22, 13)",323282,0,terrain_rock_wg_18
"dagon urul region (22, 13)",323283,0,terrain_rock_wg_07
"dagon urul region (22, 13)",323284,0,terrain_rock_wg_17
"dagon urul region (22, 13)",323285,0,terrain_rock_wg_17
"dagon urul region (22, 13)",323286,0,terrain_rock_wg_05
"dagon urul region (22, 13)",323287,0,flora_tree_wg_01
"dagon urul region (22, 13)",323288,0,flora_tree_wg_01
"dagon urul region (22, 13)",323289,0,terrain_rocks_wg_01
"dagon urul region (22, 13)",323290,0,terrain_rocks_wg_03
"dagon urul region (22, 13)",323291,0,terrain_rocks_wg_03
"dagon urul region (22, 13)",323292,0,flora_tree_wg_01
"dagon urul region (22, 13)",323295,0,terrain_rocks_wg_03
"dagon urul region (22, 13)",323296,0,terrain_rocks_wg_03
"dagon urul region (22, 13)",323297,0,terrain_rocks_wg_03
"dagon urul region (22, 13)",323298,0,terrain_rocks_wg_03
"dagon urul region (22, 13)",323299,0,terrain_rocks_wg_03
"dagon urul region (22, 13)",323300,0,terrain_rocks_wg_01
"dagon urul region (22, 13)",323301,0,terrain_rocks_wg_01
"dagon urul region (22, 13)",323302,0,terrain_rocks_wg_03
"dagon urul region (22, 13)",323303,0,terrain_rocks_wg_03
"dagon urul region (22, 13)",323304,0,terrain_rocks_wg_01
"dagon urul region (22, 13)",323305,0,terrain_rocks_wg_01
"dagon urul region (22, 13)",323308,0,terrain_rock_ac_08
"dagon urul region (22, 13)",323310,0,terrain_rock_ac_11
"dagon urul region (22, 13)",323311,0,terrain_rock_ac_11
"dagon urul region (22, 13)",323312,0,terrain_rock_ac_04
"dagon urul region (22, 13)",323313,0,terrain_rock_ac_09
"dagon urul region (22, 13)",323314,0,flora_tree_ac_03
"dagon urul region (22, 13)",323322,0,terrain_rock_ac_06
"dagon urul region (22, 13)",323324,0,terrain_rock_ac_08
"dagon urul region (22, 13)",323325,0,terrain_rock_ac_03
"dagon urul region (22, 13)",323331,0,terrain_rock_ac_04
"dagon urul region (22, 13)",323332,0,flora_tree_ac_04
"dagon urul region (22, 13)",323333,0,terrain_rock_ac_07
"dagon urul region (22, 13)",323337,0,flora_tree_ac_04
"dagon urul region (22, 13)",323339,0,terrain_rock_ac_10
"dagon urul region (22, 13)",323340,0,terrain_rock_ac_12
"dagon urul region (22, 13)",323341,0,terrain_rock_ac_12
"dagon urul region (22, 13)",323343,0,terrain_rock_ac_11
"dagon urul region (22, 13)",323346,0,terrain_rock_ac_06
"dagon urul region (22, 13)",323348,0,terrain_rock_ac_10
"dagon urul region (23, 2)",347,0,ex_t_rock_coastal_02
"dagon urul region (23, 2)",349,0,ex_t_rock_coastal_02
"dagon urul region (23, 2)",353,0,ex_t_rock_coastal_02
"dagon urul region (23, 2)",354,0,ex_t_rock_coastal_02
"dagon urul region (23, 2)",356,0,terrain_rock_ac_11
"dagon urul region (23, 2)",357,0,terrain_rock_ac_07
"dagon urul region (23, 2)",358,0,ex_t_rock_coastal_02
"dagon urul region (23, 2)",372,0,ex_t_rock_coastal_02
"dagon urul region (23, 2)",382,0,terrain_rock_ac_07
"dagon urul region (23, 2)",383,0,terrain_rock_ac_03
"dagon urul region (23, 2)",384,0,flora_tree_ac_02
"dagon urul region (23, 2)",386,0,flora_tree_ac_04
"dagon urul region (23, 2)",387,0,flora_tree_ac_02
"dagon urul region (23, 2)",388,0,flora_tree_ac_01
"dagon urul region (23, 2)",394,0,flora_tree_ac_02
"dagon urul region (23, 2)",399,0,terrain_rock_ac_07
"dagon urul region (23, 2)",400,0,terrain_rock_ac_02
"dagon urul region (23, 2)",401,0,terrain_rock_ac_12
"dagon urul region (23, 2)",409,0,ex_t_rock_coastal_02
"dagon urul region (23, 2)",410,0,ex_t_rock_coastal_02
"dagon urul region (23, 2)",413,0,terrain_rock_ac_08
"dagon urul region (23, 2)",414,0,terrain_rock_ac_07
"dagon urul region (23, 2)",415,0,terrain_rock_ac_03
"dagon urul region (23, 2)",417,0,flora_tree_ac_01
"dagon urul region (23, 2)",418,0,flora_tree_ac_04
"dagon urul region (23, 2)",433,0,ex_t_rock_coastal_01
"dagon urul region (23, 2)",434,0,ex_t_rock_coastal_02
"dagon urul region (23, 3)",298,0,terrain_rock_ac_07
"dagon urul region (23, 3)",305,0,terrain_rock_ac_07
"dagon urul region (23, 3)",306,0,terrain_rock_ac_12
"dagon urul region (23, 3)",307,0,terrain_rock_ac_11
"dagon urul region (23, 3)",314,0,terrain_rock_ac_02
"dagon urul region (23, 3)",315,0,terrain_rock_ac_02
"dagon urul region (23, 3)",316,0,flora_tree_ac_02
"dagon urul region (23, 3)",317,0,terrain_rock_ac_07
"dagon urul region (23, 3)",318,0,terrain_rock_ac_06
"dagon urul region (23, 3)",326,0,terrain_rock_ac_02
"dagon urul region (23, 3)",328,0,ex_t_rock_coastal_01
"dagon urul region (23, 3)",329,0,ex_t_rock_coastal_02
"dagon urul region (23, 3)",330,0,ex_t_rock_coastal_02
"dagon urul region (23, 3)",331,0,ex_t_rock_coastal_01
"dagon urul region (23, 3)",332,0,ex_t_rock_coastal_02
"dagon urul region (23, 3)",333,0,ex_t_rock_coastal_02
"dagon urul region (23, 3)",334,0,ex_t_rock_coastal_02
"dagon urul region (23, 3)",335,0,ex_t_rock_coastal_02
"dagon urul region (23, 3)",337,0,terrain_rock_ac_12
"dagon urul region (23, 4)",261,0,terrain_rock_ac_06
"dagon urul region (23, 4)",262,0,terrain_rock_ac_08
"dagon urul region (23, 4)",263,0,terrain_rock_ac_11
"dagon urul region (23, 4)",268,0,flora_tree_ac_03
"dagon urul region (23, 4)",269,0,flora_tree_ac_01
"dagon urul region (23, 4)",270,0,terrain_rock_ac_09
"dagon urul region (23, 4)",271,0,terrain_rock_ac_08
"dagon urul region (23, 4)",272,0,flora_tree_ac_02
"dagon urul region (23, 4)",279,0,terrain_rock_ac_12
"dagon urul region (23, 4)",280,0,terrain_rock_ac_11
"dagon urul region (23, 6)",146,0,terrain_rock_ac_10
"dagon urul region (23, 6)",154,0,terrain_rock_ac_12
"dagon urul region (23, 6)",155,0,terrain_rock_ac_04
"dagon urul region (23, 6)",156,0,terrain_rock_ac_03
"dagon urul region (23, 6)",159,0,terrain_rock_ac_08
"dagon urul region (23, 6)",160,0,terrain_rock_ac_07
"dagon urul region (23, 6)",166,0,terrain_rock_ac_07
"dagon urul region (23, 6)",167,0,terrain_rock_ac_05
"dagon urul region (23, 6)",168,0,terrain_rock_ac_03
"dagon urul region (23, 6)",174,0,terrain_rock_ac_02
"dagon urul region (23, 6)",177,0,terrain_rock_ac_07
"dagon urul region (23, 6)",178,0,terrain_rock_ac_04
"dagon urul region (23, 6)",179,0,terrain_rock_ac_08
"dagon urul region (23, 6)",185,0,terrain_rock_ac_12
"dagon urul region (23, 6)",194,0,terrain_rock_ac_10
"dagon urul region (23, 6)",197,0,terrain_rock_ac_11
"dagon urul region (23, 6)",198,0,terrain_rock_ac_10
"dagon urul region (23, 6)",199,0,terrain_rock_ac_12
"mandaran (23, 7)",39,0,terrain_rock_ac_08
"mandaran (23, 7)",40,0,terrain_rock_ac_04
"mandaran (23, 7)",41,0,terrain_rock_ac_12
"mandaran (23, 7)",51,0,terrain_rock_ac_03
"mandaran (23, 7)",62,0,flora_tree_ac_01
"mandaran (23, 7)",63,0,flora_tree_ac_02
"mandaran (23, 7)",64,0,flora_tree_ac_02
"mandaran (23, 7)",71,0,terrain_rock_ac_12
"mandaran (23, 7)",72,0,terrain_rock_ac_07
"mandaran (23, 7)",78,0,flora_tree_ac_03
"mandaran (23, 7)",79,0,flora_tree_ac_04
"mandaran (23, 7)",80,0,terrain_rock_ac_04
"mandaran (23, 7)",81,0,terrain_rock_ac_03
"mandaran (23, 7)",83,0,flora_tree_ac_01
"mandaran (23, 7)",84,0,terrain_rock_ac_11
"mandaran (23, 7)",85,0,terrain_rock_ac_12
"mandaran (23, 7)",86,0,flora_tree_ac_01
"mandaran (23, 7)",87,0,terrain_rock_ac_07
"mandaran (23, 7)",88,0,terrain_rock_ac_03
"dagon urul region (23, 8)",293693,0,ex_t_rock_coastal_02
"dagon urul region (23, 8)",293694,0,ex_t_rock_coastal_01
"dagon urul region (23, 8)",293695,0,ex_t_rock_coastal_01
"dagon urul region (23, 8)",293696,0,ex_t_rock_coastal_01
"dagon urul region (23, 8)",293697,0,ex_t_rock_coastal_01
"dagon urul region (23, 8)",293698,0,ex_t_rock_coastal_01
"dagon urul region (23, 8)",293699,0,ex_t_rock_coastal_01
"dagon urul region (23, 8)",293705,0,ex_t_rock_coastal_01
"dagon urul region (23, 8)",293706,0,ex_t_rock_coastal_02
"dagon urul region (23, 8)",293714,0,terrain_rock_ac_11
"dagon urul region (23, 8)",293715,0,terrain_rock_ac_02
"dagon urul region (23, 8)",293716,0,flora_tree_ac_01
"dagon urul region (23, 8)",293717,0,flora_tree_ac_02
"dagon urul region (23, 8)",293721,0,terrain_rock_ac_07
"dagon urul region (23, 8)",293722,0,terrain_rock_ac_04
"dagon urul region (23, 8)",293723,0,terrain_rock_ac_05
"dagon urul region (23, 8)",293724,0,terrain_rock_ac_08
"dagon urul region (23, 8)",293726,0,terrain_rock_ac_06
"dagon urul region (23, 8)",293727,0,terrain_rock_ac_09
"dagon urul region (23, 8)",293729,0,terrain_rock_ac_04
"dagon urul region (23, 8)",293730,0,terrain_rock_ac_07
"dagon urul region (23, 8)",293732,0,terrain_rock_ac_12
"dagon urul region (23, 8)",293733,0,terrain_rock_ac_08
"dagon urul region (23, 8)",293736,0,terrain_rock_ac_12
"dagon urul region (23, 8)",293737,0,terrain_rock_ac_12
"dagon urul region (23, 8)",293738,0,flora_tree_ac_02
"dagon urul region (23, 8)",293743,0,terrain_rock_ac_08
"dagon urul region (23, 8)",293744,0,terrain_rock_ac_12
"dagon urul region (23, 8)",293745,0,terrain_rock_ac_07
"dagon urul region (23, 8)",293747,0,flora_tree_ac_01
"dagon urul region (23, 8)",293767,0,terrain_rock_ac_10
"dagon urul region (23, 8)",293769,0,terrain_rock_ac_12
"dagon urul region (23, 8)",293773,0,flora_tree_ac_04
"dagon urul region (23, 9)",318692,0,terrain_rock_ac_12
"dagon urul region (23, 9)",318693,0,terrain_rock_ac_03
"dagon urul region (23, 9)",318695,0,terrain_rock_ac_07
"dagon urul region (23, 9)",318699,0,ex_t_rock_coastal_01
"dagon urul region (23, 9)",318700,0,ex_t_rock_coastal_02
"dagon urul region (23, 9)",318701,0,ex_t_rock_coastal_01
"dagon urul region (23, 9)",318702,0,ex_t_rock_coastal_01
"dagon urul region (23, 9)",318703,0,ex_t_rock_coastal_01
"dagon urul region (23, 9)",318708,0,terrain_rock_ac_07
"dagon urul region (23, 9)",318709,0,terrain_rock_ac_03
"dagon urul region (23, 9)",318710,0,terrain_rock_ac_12
"dagon urul region (23, 9)",318711,0,terrain_rock_ac_06
"dagon urul region (23, 9)",318712,0,terrain_rock_ac_07
"dagon urul region (23, 9)",318713,0,terrain_rock_ac_06
"dagon urul region (23, 9)",318714,0,terrain_rock_ac_08
"dagon urul region (23, 9)",318717,0,terrain_rock_ac_09
"dagon urul region (23, 9)",318722,0,terrain_rock_ac_12
"dagon urul region (23, 9)",318723,0,terrain_rock_ac_10
"dagon urul region (23, 9)",318725,0,flora_tree_ac_01
"dagon urul region (23, 9)",318726,0,terrain_rock_ac_03
"dagon urul region (23, 9)",318729,0,terrain_rock_ac_12
"dagon urul region (23, 9)",318730,0,terrain_rock_ac_10
"dagon urul region (23, 9)",318731,0,terrain_rock_ac_07
"dagon urul region (23, 9)",318732,0,terrain_rock_ac_04
"dagon urul region (23, 9)",318740,0,terrain_rock_ac_07
"dagon urul region (23, 9)",318741,0,terrain_rock_ac_04
"dagon urul region (23, 9)",318743,0,terrain_rock_ac_08
"dagon urul region (23, 9)",318744,0,terrain_rock_ac_09
"dagon urul region (23, 9)",318745,0,terrain_rock_ac_12
"dagon urul region (23, 9)",318746,0,flora_tree_ac_01
"dagon urul region (23, 9)",318747,0,flora_tree_ac_01
"dagon urul region (23, 9)",318748,0,flora_tree_ac_02
"dagon urul region (23, 9)",318752,0,terrain_rock_ac_02
"dagon urul region (23, 9)",318753,0,terrain_rock_ac_10
"dagon urul region (23, 9)",318755,0,terrain_rock_ac_12
"dagon urul region (23, 9)",318756,0,flora_tree_ac_04
"dagon urul region (23, 9)",318757,0,terrain_rock_ac_06
"dagon urul region (23, 9)",318758,0,terrain_rock_ac_07
"dagon urul region (23, 9)",318773,0,terrain_rock_ac_12
"dagon urul region (23, 9)",318774,0,terrain_rock_ac_08
"dagon urul region (23, 9)",318775,0,terrain_rock_ac_06
"dagon urul region (23, 9)",318778,0,terrain_rock_ac_10
"dagon urul region (23, 9)",318779,0,terrain_rock_ac_11
"dagon urul region (23, 9)",318780,0,flora_tree_ac_01
"dagon urul region (23, 9)",318781,0,flora_tree_ac_01
"dagon urul region (23, 9)",318782,0,flora_tree_ac_02
"dagon urul region (23, 9)",318785,0,terrain_rock_ac_03
"dagon urul region (23, 9)",318789,0,terrain_rock_ac_04
"dagon urul region (23, 9)",318790,0,terrain_rock_ac_02
"dagon urul region (23, 10)",320152,0,terrain_rock_ac_12
"dagon urul region (23, 10)",320156,0,terrain_rock_ac_10
"dagon urul region (23, 10)",320157,0,flora_tree_ac_04
"dagon urul region (23, 10)",320158,0,flora_tree_ac_02
"dagon urul region (23, 10)",320166,0,terrain_rock_ac_08
"dagon urul region (23, 10)",320167,0,terrain_rock_ac_12
"dagon urul region (23, 10)",320168,0,flora_tree_ac_02
"dagon urul region (23, 10)",320169,0,terrain_rock_ac_03
"dagon urul region (23, 10)",320173,0,terrain_rock_ac_12
"dagon urul region (23, 10)",320174,0,terrain_rock_ac_08
"dagon urul region (23, 10)",320176,0,terrain_rock_ac_04
"dagon urul region (23, 10)",320185,0,terrain_rock_ac_02
"dagon urul region (23, 10)",320186,0,terrain_rock_ac_04
"dagon urul region (23, 10)",320187,0,flora_tree_ac_03
"dagon urul region (23, 10)",320188,0,terrain_rock_ac_11
"dagon urul region (23, 10)",320189,0,terrain_rock_ac_12
"dagon urul region (23, 10)",320190,0,terrain_rock_ac_07
"dagon urul region (23, 10)",320191,0,flora_tree_ac_01
"dagon urul region (23, 10)",320193,0,terrain_rock_ac_11
"dagon urul region (23, 10)",320194,0,terrain_rock_ac_12
"dagon urul region (23, 10)",320195,0,terrain_rock_ac_04
"dagon urul region (23, 10)",320203,0,flora_tree_ac_01
"dagon urul region (23, 10)",320206,0,terrain_rock_ac_08
"dagon urul region (23, 10)",320209,0,terrain_rock_ac_03
"dagon urul region (23, 10)",320210,0,terrain_rock_ac_12
"dagon urul region (23, 11)",318054,0,terrain_rock_wg_12
"dagon urul region (23, 11)",318055,0,terrain_rock_wg_12
"dagon urul region (23, 11)",318056,0,terrain_rock_wg_12
"dagon urul region (23, 11)",318057,0,terrain_rocks_wg_03
"dagon urul region (23, 11)",318058,0,terrain_rocks_wg_03
"dagon urul region (23, 11)",318059,0,terrain_rocks_wg_03
"dagon urul region (23, 11)",318060,0,terrain_rocks_wg_03
"dagon urul region (23, 11)",318061,0,terrain_rocks_wg_03
"dagon urul region (23, 11)",318062,0,terrain_rocks_wg_03
"dagon urul region (23, 11)",318063,0,terrain_rocks_wg_03
"dagon urul region (23, 11)",318064,0,terrain_rocks_wg_03
"dagon urul region (23, 11)",318065,0,terrain_rocks_wg_03
"dagon urul region (23, 11)",318066,0,terrain_rocks_wg_03
"dagon urul region (23, 11)",318067,0,terrain_rocks_wg_03
"dagon urul region (23, 11)",318068,0,terrain_rocks_wg_03
"dagon urul region (23, 11)",318069,0,terrain_rocks_wg_03
"dagon urul region (23, 11)",318070,0,terrain_rocks_wg_03
"dagon urul region (23, 11)",318073,0,terrain_rock_ac_10
"dagon urul region (23, 11)",318074,0,terrain_rock_ac_12
"dagon urul region (23, 11)",318075,0,terrain_rock_ac_09
"dagon urul region (23, 11)",318076,0,terrain_rock_ac_02
"dagon urul region (23, 11)",318081,0,terrain_rock_ac_12
"dagon urul region (23, 11)",318082,0,terrain_rock_ac_10
"dagon urul region (23, 11)",318084,0,terrain_rock_ac_02
"dagon urul region (23, 11)",318085,0,terrain_rock_ac_03
"dagon urul region (23, 11)",318090,0,terrain_rock_ac_04
"dagon urul region (23, 11)",318094,0,terrain_rock_ac_09
"dagon urul region (23, 11)",318095,0,terrain_rock_ac_11
"dagon urul region (23, 11)",318096,0,terrain_rock_ac_05
"dagon urul region (23, 11)",318097,0,terrain_rock_ac_02
"dagon urul region (23, 11)",318104,0,terrain_rock_ac_07
"dagon urul region (23, 11)",318105,0,flora_tree_ac_04
"dagon urul region (23, 11)",318106,0,flora_tree_ac_03
"dagon urul region (23, 11)",318107,0,terrain_rock_ac_10
"dagon urul region (23, 11)",318109,0,terrain_rock_ac_01
"dagon urul region (23, 11)",318110,0,terrain_rock_ac_03
"dagon urul region (23, 11)",318111,0,terrain_rock_ac_03
"dagon urul region (23, 11)",318116,0,flora_tree_ac_01
"dagon urul region (23, 11)",318117,0,terrain_rock_ac_12
"dagon urul region (23, 11)",318118,0,terrain_rock_ac_08
"dagon urul region (23, 11)",318119,0,flora_tree_ac_02
"dagon urul region (23, 11)",318120,0,terrain_rock_ac_05
"dagon urul region (23, 11)",318121,0,terrain_rock_ac_06
"dagon urul region (23, 11)",318126,0,terrain_rock_ac_03
"dagon urul region (23, 11)",318130,0,terrain_rock_ac_09
"dagon urul region (23, 11)",318133,0,terrain_rock_ac_12
"dagon urul region (23, 11)",318134,0,terrain_rock_ac_10
"dagon urul region (23, 11)",318140,0,terrain_rock_ac_03
"dagon urul region (23, 11)",318141,0,terrain_rock_ac_06
"dagon urul region (23, 11)",318142,0,terrain_rock_ac_12
"dagon urul region (23, 11)",318143,0,terrain_rock_ac_10
"dagon urul region (23, 11)",318144,0,terrain_rock_ac_06
"dagon urul region (23, 11)",318145,0,terrain_rock_ac_02
"dagon urul region (23, 11)",318146,0,terrain_rock_ac_03
"dagon urul region (23, 11)",318147,0,terrain_rock_ac_07
"dagon urul region (23, 11)",318148,0,terrain_rock_ac_07
"dagon urul region (23, 11)",318149,0,terrain_rock_ac_02
"dagon urul region (23, 11)",318150,0,terrain_rock_ac_03
"dagon urul region (23, 11)",318152,0,terrain_rock_ac_09
"dagon urul region (23, 11)",318153,0,terrain_rock_ac_12
"dagon urul region (23, 11)",318154,0,terrain_rock_ac_06
"dagon urul region (23, 11)",318155,0,terrain_rock_ac_09
"dagon urul region (23, 11)",318156,0,terrain_rock_ac_10
"dagon urul region (23, 11)",318157,0,terrain_rock_ac_02
"dagon urul region (23, 11)",318158,0,terrain_rock_ac_03
"dagon urul region (23, 11)",318161,0,terrain_rock_ac_09
"dagon urul region (23, 11)",318162,0,flora_tree_ac_01
"dagon urul region (23, 11)",318164,0,terrain_rock_ac_03
"dagon urul region (23, 11)",318165,0,terrain_rock_ac_02
"dagon urul region (24, 0)",43072,0,flora_tree_ac_02
"dagon urul region (24, 0)",43073,0,flora_tree_ac_04
"dagon urul region (24, 0)",43075,0,terrain_rock_ac_03
"dagon urul region (24, 0)",43076,0,terrain_rock_ac_06
"dagon urul region (24, 0)",43077,0,terrain_rock_ac_12
"dagon urul region (24, 0)",43078,0,terrain_rock_ac_09
"dagon urul region (24, 0)",43079,0,terrain_rock_ac_01
"dagon urul region (24, 0)",43094,0,ex_t_rock_coastal_02
"dagon urul region (24, 0)",43095,0,ex_t_rock_coastal_02
"dagon urul region (24, 0)",43096,0,ex_t_rock_coastal_01
"dagon urul region (24, 0)",43097,0,ex_t_rock_coastal_01
"dagon urul region (24, 0)",43098,0,terrain_rock_ac_08
"dagon urul region (24, 1)",43351,0,flora_tree_ac_02
"dagon urul region (24, 1)",43352,0,flora_tree_ac_03
"dagon urul region (24, 1)",43353,0,terrain_rock_ac_04
"dagon urul region (24, 1)",43354,0,terrain_rock_ac_05
"dagon urul region (24, 1)",43355,0,terrain_rock_ac_08
"dagon urul region (24, 1)",43366,0,flora_tree_ac_02
"dagon urul region (24, 1)",43367,0,flora_tree_ac_01
"dagon urul region (24, 1)",43368,0,flora_tree_ac_03
"dagon urul region (24, 1)",43390,0,ex_t_rock_coastal_02
"dagon urul region (24, 1)",43391,0,ex_t_rock_coastal_02
"dagon urul region (24, 1)",43392,0,ex_t_rock_coastal_02
"dagon urul region (24, 1)",43393,0,ex_t_rock_coastal_02
"dagon urul region (24, 1)",43394,0,ex_t_rock_coastal_02
"dagon urul region (24, 1)",43395,0,ex_t_rock_coastal_01
"dagon urul region (24, 1)",43396,0,ex_t_rock_coastal_02
"dagon urul region (24, 1)",43401,0,flora_tree_ac_04
"dagon urul region (24, 1)",43407,0,terrain_rock_ac_02
"dagon urul region (24, 1)",43408,0,terrain_rock_ac_08
"dagon urul region (24, 1)",43432,0,terrain_rock_ac_12
"dagon urul region (24, 1)",43433,0,terrain_rock_ac_04
"dagon urul region (24, 1)",43434,0,terrain_rock_ac_10
"dagon urul region (24, 1)",43435,0,terrain_rock_ac_05
"dagon urul region (24, 1)",43446,0,ex_t_rock_coastal_01
"dagon urul region (24, 1)",43447,0,ex_t_rock_coastal_02
"dagon urul region (24, 1)",43448,0,ex_t_rock_coastal_02
"dagon urul region (24, 1)",43449,0,terrain_rock_ac_10
"dagon urul region (24, 1)",43450,0,terrain_rock_ac_07
"dagon urul region (24, 2)",42529,0,ex_t_rock_coastal_02
"dagon urul region (24, 2)",42530,0,ex_t_rock_coastal_02
"dagon urul region (24, 2)",42534,0,terrain_rock_ac_02
"dagon urul region (24, 2)",42535,0,terrain_rock_ac_09
"dagon urul region (24, 2)",42542,0,terrain_rock_ac_09
"dagon urul region (24, 2)",42544,0,ex_t_rock_coastal_02
"dagon urul region (24, 2)",42551,0,terrain_rock_ac_11
"dagon urul region (24, 2)",42552,0,terrain_rock_ac_07
"dagon urul region (24, 2)",42556,0,flora_tree_ac_04
"dagon urul region (24, 2)",42557,0,flora_tree_ac_01
"dagon urul region (24, 2)",42558,0,ex_t_rock_coastal_02
"dagon urul region (24, 2)",42565,0,ex_t_rock_coastal_02
"dagon urul region (24, 2)",42566,0,ex_t_rock_coastal_01
"dagon urul region (24, 2)",42567,0,ex_t_rock_coastal_02
"dagon urul region (24, 2)",42568,0,ex_t_rock_coastal_02
"dagon urul region (24, 2)",42569,0,terrain_rock_ac_11
"dagon urul region (24, 2)",42570,0,terrain_rock_ac_09
"dagon urul region (24, 2)",42573,0,terrain_rock_ac_08
"dagon urul region (24, 2)",42574,0,terrain_rock_ac_04
"dagon urul region (24, 2)",42579,0,terrain_rock_ac_01
"dagon urul region (24, 2)",42581,0,terrain_rock_ac_11
"dagon urul region (24, 2)",42582,0,terrain_rock_ac_01
"dagon urul region (24, 2)",42585,0,flora_tree_ac_01
"dagon urul region (24, 2)",42590,0,terrain_rock_ac_05
"dagon urul region (24, 2)",42591,0,terrain_rock_ac_11
"dagon urul region (24, 2)",42593,0,ex_t_rock_coastal_02
"dagon urul region (24, 2)",42594,0,ex_t_rock_coastal_01
"dagon urul region (24, 2)",42595,0,terrain_rock_ac_08
"dagon urul region (24, 2)",42599,0,terrain_rock_ac_09
"dagon urul region (24, 2)",42602,0,terrain_rock_ac_12
"dagon urul region (24, 2)",42607,0,terrain_rock_ac_11
"dagon urul region (24, 2)",42608,0,terrain_rock_ac_09
"dagon urul region (24, 2)",42613,0,terrain_rock_ac_09
"dagon urul region (24, 2)",42614,0,terrain_rock_ac_09
"dagon urul region (24, 2)",42615,0,terrain_rock_ac_09
"dagon urul region (24, 2)",42617,0,terrain_rock_ac_08
"dagon urul region (24, 2)",42618,0,terrain_rock_ac_09
"dagon urul region (24, 2)",42625,0,terrain_rock_ac_09
"dagon urul region (24, 2)",42628,0,flora_tree_ac_01
"dagon urul region (24, 2)",42629,0,flora_tree_ac_02
"dagon urul region (24, 2)",42630,0,flora_tree_ac_04
"dagon urul region (24, 2)",42635,0,terrain_rock_ac_04
"dagon urul region (24, 2)",42636,0,terrain_rock_ac_01
"dagon urul region (24, 2)",42641,0,flora_tree_ac_01
"dagon urul region (24, 2)",42642,0,flora_tree_ac_02
"dagon urul region (24, 2)",42643,0,flora_tree_ac_04
"dagon urul region (24, 2)",42656,0,terrain_rock_ac_04
"dagon urul region (24, 2)",42657,0,terrain_rock_ac_01
"dagon urul region (24, 2)",42659,0,flora_tree_ac_04
"dagon urul region (24, 3)",42284,0,terrain_rock_ac_01
"dagon urul region (24, 3)",42287,0,terrain_rock_ac_06
"dagon urul region (24, 3)",42288,0,terrain_rock_ac_07
"dagon urul region (24, 3)",42289,0,terrain_rock_ac_03
"dagon urul region (24, 3)",42290,0,terrain_rock_ac_05
"dagon urul region (24, 3)",42292,0,terrain_rock_ac_06
"dagon urul region (24, 3)",42293,0,terrain_rock_ac_09
"dagon urul region (24, 3)",42303,0,terrain_rock_ac_06
"dagon urul region (24, 3)",42304,0,terrain_rock_ac_12
"dagon urul region (24, 3)",42305,0,terrain_rock_ac_03
"dagon urul region (24, 3)",42306,0,terrain_rock_ac_09
"dagon urul region (24, 3)",42308,0,terrain_rock_ac_03
"dagon urul region (24, 3)",42313,0,terrain_rock_ac_07
"dagon urul region (24, 3)",42314,0,terrain_rock_ac_11
"dagon urul region (24, 3)",42317,0,ex_t_rock_coastal_02
"dagon urul region (24, 3)",42321,0,terrain_rock_ac_07
"dagon urul region (24, 3)",42322,0,terrain_rock_ac_11
"dagon urul region (24, 3)",42323,0,ex_t_rock_coastal_02
"dagon urul region (24, 3)",42324,0,ex_t_rock_coastal_02
"dagon urul region (24, 3)",42325,0,ex_t_rock_coastal_02
"dagon urul region (24, 3)",42326,0,ex_t_rock_coastal_02
"dagon urul region (24, 3)",42328,0,ex_t_rock_coastal_02
"dagon urul region (24, 3)",42329,0,ex_t_rock_coastal_02
"dagon urul region (24, 3)",42330,0,ex_t_rock_coastal_02
"dagon urul region (24, 3)",42331,0,ex_t_rock_coastal_02
"dagon urul region (24, 3)",42342,0,flora_tree_ac_02
"dagon urul region (24, 3)",42343,0,flora_tree_ac_01
"dagon urul region (24, 3)",42344,0,flora_tree_ac_04
"dagon urul region (24, 3)",42345,0,flora_tree_ac_01
"dagon urul region (24, 3)",42346,0,flora_tree_ac_02
"dagon urul region (24, 3)",42347,0,flora_tree_ac_02
"dagon urul region (24, 3)",42348,0,flora_tree_ac_02
"dagon urul region (24, 3)",42349,0,flora_tree_ac_01
"dagon urul region (24, 3)",42350,0,flora_tree_ac_01
"dagon urul region (24, 3)",42351,0,flora_tree_ac_02
"dagon urul region (24, 3)",42354,0,terrain_rock_ac_07
"dagon urul region (24, 3)",42382,0,ex_t_rock_coastal_02
"dagon urul region (24, 3)",42383,0,ex_t_rock_coastal_02
"dagon urul region (24, 4)",42968,0,terrain_rock_ac_09
"dagon urul region (24, 4)",42969,0,terrain_rock_ac_02
"dagon urul region (24, 4)",42970,0,terrain_rock_ac_07
"dagon urul region (24, 4)",42971,0,terrain_rock_ac_03
"dagon urul region (24, 4)",42972,0,terrain_rock_ac_11
"dagon urul region (24, 4)",42973,0,terrain_rock_ac_07
"dagon urul region (24, 4)",42982,0,terrain_rock_ac_09
"dagon urul region (24, 4)",42994,0,ex_t_rock_coastal_02
"dagon urul region (24, 4)",42995,0,ex_t_rock_coastal_02
"dagon urul region (24, 4)",42996,0,ex_t_rock_coastal_02
"dagon urul region (24, 4)",42999,0,terrain_rock_ac_10
"dagon urul region (24, 4)",43000,0,terrain_rock_ac_09
"dagon urul region (24, 4)",43001,0,terrain_rock_ac_10
"dagon urul region (24, 4)",43002,0,terrain_rock_ac_09
"dagon urul region (24, 4)",43003,0,terrain_rock_ac_10
"dagon urul region (24, 4)",43005,0,terrain_rock_ac_03
"dagon urul region (24, 4)",43006,0,terrain_rock_ac_02
"dagon urul region (24, 4)",43007,0,terrain_rock_ac_01
"dagon urul region (24, 4)",43008,0,terrain_rock_ac_01
"dagon urul region (24, 4)",43009,0,flora_tree_ac_03
"dagon urul region (24, 4)",43010,0,flora_tree_ac_04
"dagon urul region (24, 4)",43011,0,flora_tree_ac_03
"dagon urul region (24, 4)",43012,0,flora_tree_ac_02
"dagon urul region (24, 4)",43030,0,terrain_rock_ac_09
"dagon urul region (24, 4)",43032,0,terrain_rock_ac_10
"dagon urul region (24, 4)",43033,0,terrain_rock_ac_12
"dagon urul region (24, 5)",429202,0,terrain_rock_ac_09
"dagon urul region (24, 5)",429203,0,terrain_rock_wg_05
"dagon urul region (24, 5)",429205,0,terrain_rocks_wg_02
"dagon urul region (24, 5)",429217,0,terrain_rock_ac_08
"dagon urul region (24, 5)",429230,0,terrain_rock_ac_09
"dagon urul region (24, 5)",429231,0,terrain_rock_ac_11
"dagon urul region (24, 5)",429232,0,terrain_rock_ac_10
"dagon urul region (24, 5)",429233,0,terrain_rock_ac_12
"dagon urul region (24, 5)",429236,0,flora_tree_ac_02
"dagon urul region (24, 5)",429237,0,terrain_rock_ac_07
"dagon urul region (24, 5)",429238,0,flora_tree_ac_03
"dagon urul region (24, 5)",429239,0,terrain_rock_ac_04
"dagon urul region (24, 5)",429240,0,terrain_rock_ac_03
"dagon urul region (24, 5)",429241,0,terrain_rock_ac_02
"dagon urul region (24, 5)",429242,0,flora_tree_ac_01
"dagon urul region (24, 5)",429243,0,flora_tree_ac_02
"dagon urul region (24, 5)",429247,0,flora_tree_ac_01
"dagon urul region (24, 5)",429248,0,flora_tree_ac_01
"dagon urul region (24, 5)",429249,0,terrain_rock_ac_06
"dagon urul region (24, 5)",429250,0,terrain_rock_ac_03
"dagon urul region (24, 5)",429251,0,terrain_rock_ac_04
"dagon urul region (24, 5)",429255,0,flora_tree_ac_04
"dagon urul region (24, 5)",429256,0,terrain_rock_ac_04
"dagon urul region (24, 5)",429257,0,terrain_rock_ac_06
"dagon urul region (24, 5)",429260,0,terrain_rock_ac_07
"dagon urul region (24, 5)",429265,0,flora_tree_ac_03
"dagon urul region (24, 5)",429266,0,terrain_rock_ac_09
"dagon urul region (24, 5)",429270,0,flora_tree_ac_01
"dagon urul region (24, 5)",429271,0,terrain_rock_ac_10
"dagon urul region (24, 5)",429272,0,terrain_rock_ac_04
"dagon urul region (24, 5)",429279,0,terrain_rock_ac_10
"dagon urul region (24, 5)",429282,0,terrain_rock_ac_06
"dagon urul region (24, 5)",429284,0,terrain_rock_ac_09
"dagon urul region (24, 5)",429285,0,terrain_rock_ac_06
"dagon urul region (24, 5)",429286,0,terrain_rock_ac_04
"dagon urul region (24, 5)",429292,0,terrain_rock_ac_03
"dagon urul region (24, 5)",429295,0,terrain_rock_ac_07
"dagon urul region (24, 5)",429296,0,terrain_rock_ac_06
"dagon urul region (24, 5)",429297,0,terrain_rock_ac_04
"dagon urul region (24, 5)",429302,0,terrain_rock_ac_03
"dagon urul region (24, 5)",429303,0,terrain_rock_ac_06
"dagon urul region (24, 5)",429333,0,terrain_rock_ac_04
"dagon urul region (24, 5)",429334,0,terrain_rock_ac_07
"dagon urul region (24, 5)",429340,0,terrain_rock_ac_07
"dagon urul region (24, 5)",429341,0,terrain_rock_ac_03
"dagon urul region (24, 6)",394981,0,terrain_rock_ac_10
"dagon urul region (24, 6)",394982,0,flora_tree_ac_04
"dagon urul region (24, 6)",394986,0,terrain_rock_ac_08
"dagon urul region (24, 6)",394992,0,terrain_rock_ac_01
"dagon urul region (24, 6)",394993,0,terrain_rock_ac_02
"dagon urul region (24, 6)",394994,0,terrain_rock_ac_03
"dagon urul region (24, 6)",394995,0,terrain_rock_ac_10
"dagon urul region (24, 6)",394997,0,terrain_rock_ac_08
"dagon urul region (24, 6)",394998,0,terrain_rock_ac_12
"dagon urul region (24, 6)",395006,0,terrain_rock_ac_08
"dagon urul region (24, 6)",395007,0,terrain_rock_ac_11
"dagon urul region (24, 6)",395027,0,terrain_rock_ac_03
"dagon urul region (24, 6)",395028,0,terrain_rock_ac_02
"dagon urul region (24, 6)",395029,0,flora_tree_ac_01
"dagon urul region (24, 6)",395030,0,flora_tree_ac_02
"dagon urul region (24, 6)",395035,0,terrain_rock_ac_06
"dagon urul region (24, 6)",395036,0,terrain_rock_ac_10
"dagon urul region (24, 6)",395037,0,terrain_rock_ac_02
"dagon urul region (24, 6)",395038,0,terrain_rock_ac_04
"dagon urul region (24, 6)",395039,0,terrain_rock_ac_04
"dagon urul region (24, 6)",395041,0,terrain_rock_ac_11
"dagon urul region (24, 6)",395042,0,terrain_rock_ac_04
"dagon urul region (24, 6)",395043,0,terrain_rock_ac_04
"dagon urul region (24, 6)",395051,0,terrain_rock_ac_08
"dagon urul region (24, 6)",395060,0,terrain_rock_ac_02
"dagon urul region (24, 6)",395061,0,terrain_rock_ac_06
"dagon urul region (24, 6)",395062,0,terrain_rock_ac_10
"dagon urul region (24, 6)",395063,0,terrain_rock_ac_04
"dagon urul region (24, 6)",395064,0,terrain_rock_ac_03
"dagon urul region (24, 6)",395071,0,terrain_rock_ac_04
"dagon urul region (24, 6)",395078,0,terrain_rock_ac_08
"dagon urul region (24, 6)",395079,0,terrain_rock_ac_12
"dagon urul region (24, 6)",395080,0,terrain_rock_ac_12
"dagon urul region (24, 6)",395081,0,terrain_rock_ac_09
"dagon urul region (24, 6)",395083,0,terrain_rock_ac_11
"dagon urul region (24, 6)",395084,0,flora_tree_ac_02
"dagon urul region (24, 6)",395085,0,terrain_rock_ac_08
"dagon urul region (24, 6)",395086,0,flora_tree_ac_02
"dagon urul region (24, 6)",395088,0,terrain_rock_ac_01
"dagon urul region (24, 6)",395089,0,terrain_rock_ac_03
"dagon urul region (24, 6)",395093,0,terrain_rock_ac_03
"dagon urul region (24, 6)",395094,0,terrain_rock_ac_12
"dagon urul region (24, 6)",395095,0,flora_tree_ac_01
"dagon urul region (24, 6)",395096,0,flora_tree_ac_02
"dagon urul region (24, 6)",395097,0,flora_tree_ac_04
"dagon urul region (24, 6)",395098,0,terrain_rock_ac_08
"dagon urul region (24, 6)",395099,0,terrain_rock_ac_12
"dagon urul region (24, 6)",395100,0,flora_tree_ac_04
"dagon urul region (24, 6)",395101,0,terrain_rock_ac_03
"dagon urul region (24, 6)",395103,0,terrain_rock_ac_02
"dagon urul region (24, 6)",395105,0,flora_tree_ac_01
"dagon urul region (24, 6)",395107,0,terrain_rock_ac_04
"dagon urul region (24, 6)",395108,0,terrain_rock_ac_04
"dagon urul region (24, 6)",395110,0,terrain_rock_ac_04
"dagon urul region (24, 6)",395111,0,terrain_rock_ac_07
"dagon urul region (24, 6)",395114,0,terrain_rock_ac_12
"dagon urul region (24, 6)",395117,0,terrain_rock_ac_08
"dagon urul region (24, 6)",395118,0,terrain_rock_ac_06
"dagon urul region (24, 6)",395122,0,terrain_rock_ac_08
"dagon urul region (24, 6)",395127,0,terrain_rock_ac_06
"dagon urul region (24, 6)",395128,0,terrain_rock_ac_08
"dagon urul region (24, 6)",395129,0,terrain_rock_ac_03
"dagon urul region (24, 6)",395137,0,terrain_rock_ac_10
"dagon urul region (24, 6)",395138,0,terrain_rock_ac_06
"dagon urul region (24, 6)",395139,0,terrain_rock_ac_04
"dagon urul region (24, 6)",395144,0,terrain_rock_ac_12
"dagon urul region (24, 6)",395146,0,flora_tree_ac_01
"dagon urul region (24, 6)",395147,0,flora_tree_ac_04
"dagon urul region (24, 6)",395148,0,flora_tree_ac_03
"dagon urul region (24, 6)",395150,0,flora_tree_ac_01
"dagon urul region (24, 6)",395151,0,terrain_rock_ac_11
"dagon urul region (24, 6)",395152,0,flora_tree_ac_02
"dagon urul region (24, 6)",395153,0,terrain_rock_ac_12
"dagon urul region (24, 6)",395154,0,flora_tree_ac_01
"dagon urul region (24, 6)",395155,0,flora_tree_ac_02
"dagon urul region (24, 7)",395177,0,terrain_rock_ac_12
"dagon urul region (24, 7)",395178,0,terrain_rock_ac_10
"dagon urul region (24, 7)",395180,0,terrain_rock_ac_04
"dagon urul region (24, 7)",395181,0,terrain_rock_ac_06
"dagon urul region (24, 7)",395182,0,terrain_rock_ac_07
"dagon urul region (24, 7)",395191,0,terrain_rock_ac_10
"dagon urul region (24, 7)",395192,0,terrain_rock_ac_12
"dagon urul region (24, 7)",395193,0,terrain_rock_ac_08
"dagon urul region (24, 7)",395202,0,terrain_rock_ac_09
"dagon urul region (24, 7)",395203,0,terrain_rock_ac_12
"dagon urul region (24, 7)",395204,0,terrain_rock_ac_06
"dagon urul region (24, 7)",395209,0,terrain_rock_ac_12
"dagon urul region (24, 7)",395210,0,terrain_rock_ac_10
"dagon urul region (24, 7)",395211,0,flora_tree_ac_01
"dagon urul region (24, 7)",395212,0,flora_tree_ac_02
"dagon urul region (24, 7)",395214,0,terrain_rock_ac_04
"dagon urul region (24, 7)",395221,0,terrain_rock_ac_12
"dagon urul region (24, 7)",395222,0,terrain_rock_ac_08
"dagon urul region (24, 7)",395223,0,terrain_rock_ac_04
"dagon urul region (24, 7)",395224,0,terrain_rock_ac_12
"dagon urul region (24, 7)",395228,0,terrain_rock_ac_10
"dagon urul region (24, 7)",395229,0,terrain_rock_ac_12
"dagon urul region (24, 7)",395230,0,terrain_rock_ac_03
"dagon urul region (24, 7)",395231,0,terrain_rock_ac_04
"dagon urul region (24, 7)",395234,0,flora_tree_ac_04
"dagon urul region (24, 7)",395235,0,flora_tree_ac_04
"dagon urul region (24, 7)",395240,0,terrain_rock_ac_08
"dagon urul region (24, 7)",395241,0,terrain_rock_ac_09
"dagon urul region (24, 7)",395243,0,terrain_rock_ac_03
"dagon urul region (24, 7)",395244,0,terrain_rock_ac_12
"dagon urul region (24, 7)",395245,0,terrain_rock_ac_06
"dagon urul region (24, 7)",395248,0,flora_tree_ac_02
"dagon urul region (24, 7)",395249,0,flora_tree_ac_02
"dagon urul region (24, 7)",395250,0,terrain_rock_ac_12
"dagon urul region (24, 7)",395251,0,terrain_rock_ac_07
"dagon urul region (24, 7)",395254,0,terrain_rock_ac_10
"dagon urul region (24, 7)",395259,0,terrain_rock_ac_03
"dagon urul region (24, 7)",395260,0,terrain_rock_ac_12
"dagon urul region (24, 7)",395267,0,terrain_rock_ac_11
"dagon urul region (24, 7)",395270,0,terrain_rock_ac_08
"dagon urul region (24, 7)",395275,0,flora_tree_ac_02
"dagon urul region (24, 7)",395276,0,terrain_rock_ac_08
"dagon urul region (24, 7)",395277,0,terrain_rock_ac_03
"dagon urul region (24, 7)",395278,0,terrain_rock_ac_06
"dagon urul region (24, 7)",395284,0,terrain_rock_ac_04
"dagon urul region (24, 7)",395287,0,flora_tree_ac_01
"dagon urul region (24, 7)",395288,0,flora_tree_ac_02
"dagon urul region (24, 7)",395290,0,flora_tree_ac_04
"dagon urul region (24, 7)",395291,0,flora_tree_ac_03
"dagon urul region (24, 7)",395298,0,terrain_rock_ac_10
"dagon urul region (24, 7)",395299,0,terrain_rock_ac_07
"dagon urul region (24, 7)",395300,0,terrain_rock_ac_09
"dagon urul region (24, 7)",395301,0,terrain_rock_ac_11
"dagon urul region (24, 7)",395304,0,flora_tree_ac_03
"dagon urul region (24, 7)",395306,0,flora_tree_ac_01
"dagon urul region (24, 7)",395311,0,terrain_rock_ac_12
"dagon urul region (24, 8)",294502,0,terrain_rock_wg_18
"dagon urul region (24, 8)",294503,0,terrain_rock_wg_10
"dagon urul region (24, 8)",294504,0,terrain_rock_wg_12
"dagon urul region (24, 8)",294513,0,terrain_rock_ac_12
"dagon urul region (24, 8)",294514,0,terrain_rock_ac_10
"dagon urul region (24, 8)",294515,0,terrain_rock_ac_09
"dagon urul region (24, 8)",294520,0,terrain_rock_ac_03
"dagon urul region (24, 8)",294522,0,terrain_rock_ac_08
"dagon urul region (24, 8)",294529,0,terrain_rock_ac_07
"dagon urul region (24, 8)",294532,0,terrain_rock_ac_10
"dagon urul region (24, 8)",294533,0,terrain_rock_ac_04
"dagon urul region (24, 8)",294535,0,flora_tree_ac_01
"dagon urul region (24, 8)",294541,0,terrain_rock_ac_03
"dagon urul region (24, 8)",294546,0,terrain_rock_ac_03
"dagon urul region (24, 8)",294547,0,terrain_rock_ac_04
"dagon urul region (24, 8)",294548,0,flora_tree_ac_01
"dagon urul region (24, 8)",294549,0,flora_tree_ac_01
"dagon urul region (24, 8)",294550,0,terrain_rock_ac_08
"dagon urul region (24, 8)",294551,0,terrain_rock_ac_06
"dagon urul region (24, 8)",294553,0,terrain_rock_ac_09
"dagon urul region (24, 8)",294558,0,terrain_rock_ac_07
"dagon urul region (24, 8)",294559,0,terrain_rock_ac_12
"dagon urul region (24, 8)",294560,0,terrain_rock_ac_10
"dagon urul region (24, 8)",294561,0,terrain_rock_ac_03
"dagon urul region (24, 8)",294571,0,terrain_rock_ac_12
"dagon urul region (24, 8)",294572,0,terrain_rock_ac_08
"dagon urul region (24, 8)",294574,0,flora_tree_ac_01
"dagon urul region (24, 8)",294582,0,terrain_rock_ac_09
"dagon urul region (24, 8)",294583,0,terrain_rock_ac_11
"dagon urul region (24, 8)",294584,0,terrain_rock_ac_03
"dagon urul region (24, 8)",294586,0,flora_tree_ac_02
"dagon urul region (24, 8)",294587,0,terrain_rock_ac_06
"dagon urul region (24, 8)",294588,0,flora_tree_ac_03
"dagon urul region (24, 8)",294589,0,terrain_rock_ac_03
"dagon urul region (24, 8)",294590,0,terrain_rock_ac_09
"dagon urul region (24, 8)",294594,0,terrain_rock_ac_07
"dagon urul region (24, 8)",294595,0,flora_tree_ac_04
"dagon urul region (24, 8)",294598,0,terrain_rock_ac_08
"dagon urul region (24, 8)",294599,0,terrain_rock_ac_11
"dagon urul region (24, 8)",294600,0,flora_tree_ac_04
"dagon urul region (24, 8)",294604,0,terrain_rock_ac_12
"dagon urul region (24, 8)",294611,0,terrain_rock_ac_10
"dagon urul region (24, 8)",294612,0,terrain_rock_ac_11
"dagon urul region (24, 8)",294613,0,terrain_rock_ac_08
"dagon urul region (24, 8)",294615,0,flora_tree_ac_03
"dagon urul region (24, 9)",323611,0,terrain_rock_ac_10
"dagon urul region (24, 9)",323613,0,terrain_rock_ac_03
"dagon urul region (24, 9)",323614,0,terrain_rock_ac_07
"dagon urul region (24, 9)",323615,0,terrain_rock_ac_06
"dagon urul region (24, 9)",323616,0,terrain_rock_ac_09
"dagon urul region (24, 9)",323617,0,terrain_rock_ac_08
"dagon urul region (24, 9)",323628,0,terrain_rock_ac_06
"dagon urul region (24, 9)",323629,0,flora_tree_ac_02
"dagon urul region (24, 9)",323630,0,flora_tree_ac_02
"dagon urul region (24, 9)",323632,0,terrain_rock_ac_04
"dagon urul region (24, 9)",323634,0,terrain_rock_ac_12
"dagon urul region (24, 9)",323637,0,terrain_rock_ac_03
"dagon urul region (24, 9)",323644,0,terrain_rock_ac_04
"dagon urul region (24, 9)",323645,0,terrain_rock_ac_08
"dagon urul region (24, 9)",323646,0,terrain_rock_ac_11
"dagon urul region (24, 9)",323647,0,terrain_rock_ac_08
"dagon urul region (24, 9)",323648,0,terrain_rock_ac_02
"dagon urul region (24, 9)",323649,0,terrain_rock_ac_01
"dagon urul region (24, 9)",323651,0,terrain_rock_ac_03
"dagon urul region (24, 9)",323653,0,flora_tree_ac_04
"dagon urul region (24, 9)",323655,0,terrain_rock_ac_12
"dagon urul region (24, 9)",323657,0,terrain_rock_ac_08
"dagon urul region (24, 9)",323658,0,terrain_rock_ac_04
"dagon urul region (24, 9)",323660,0,flora_tree_ac_01
"dagon urul region (24, 9)",323663,0,terrain_rock_ac_09
"dagon urul region (24, 9)",323664,0,terrain_rock_ac_08
"dagon urul region (24, 9)",323665,0,terrain_rock_ac_07
"dagon urul region (24, 9)",323669,0,flora_tree_ac_04
"dagon urul region (24, 9)",323670,0,flora_tree_ac_02
"dagon urul region (24, 9)",323671,0,terrain_rock_ac_03
"dagon urul region (24, 9)",323673,0,flora_tree_ac_02
"dagon urul region (24, 9)",323674,0,terrain_rock_ac_08
"dagon urul region (24, 9)",323675,0,terrain_rock_ac_10
"dagon urul region (24, 9)",323676,0,terrain_rock_ac_07
"dagon urul region (24, 9)",323680,0,terrain_rock_ac_12
"dagon urul region (24, 9)",323681,0,terrain_rock_ac_04
"dagon urul region (24, 9)",323682,0,flora_tree_ac_04
"dagon urul region (24, 9)",323687,0,flora_tree_ac_03
"dagon urul region (24, 9)",323688,0,terrain_rock_ac_08
"dagon urul region (24, 9)",323689,0,terrain_rock_ac_04
"dagon urul region (24, 9)",323694,0,terrain_rock_ac_11
"dagon urul region (24, 9)",323696,0,terrain_rock_ac_10
"dagon urul region (24, 9)",323697,0,terrain_rock_ac_12
"dagon urul region (24, 9)",323701,0,terrain_rock_ac_07
"dagon urul region (24, 9)",323704,0,terrain_rock_ac_10
"dagon urul region (24, 9)",323705,0,terrain_rock_ac_07
"dagon urul region (24, 9)",323706,0,terrain_rock_ac_06
"dagon urul region (24, 9)",323708,0,terrain_rock_ac_06
"dagon urul region (24, 9)",323709,0,terrain_rock_ac_09
"dagon urul region (24, 9)",323710,0,flora_tree_ac_04
"dagon urul region (24, 9)",323711,0,flora_tree_ac_04
"dagon urul region (24, 9)",323712,0,flora_tree_ac_03
"dagon urul region (24, 9)",323723,0,terrain_rock_ac_02
"dagon urul region (24, 9)",323724,0,terrain_rock_ac_01
"dagon urul region (24, 9)",323728,0,terrain_rock_ac_08
"dagon urul region (24, 9)",323729,0,terrain_rock_ac_11
"dagon urul region (24, 9)",323732,0,terrain_rock_ac_06
"dagon urul region (24, 9)",323733,0,terrain_rock_ac_12
"dagon urul region (24, 9)",323734,0,terrain_rock_ac_04
"dagon urul region (24, 9)",323736,0,terrain_rock_ac_10
"dagon urul region (24, 9)",323737,0,flora_tree_ac_02
"dagon urul region (24, 9)",323738,0,flora_tree_ac_01
"dagon urul region (24, 9)",323739,0,flora_tree_ac_03
"dagon urul region (24, 9)",323743,0,terrain_rock_ac_10
"dagon urul region (24, 10)",318404,0,terrain_rock_wg_10
"dagon urul region (24, 10)",318406,0,terrain_rock_wg_12
"dagon urul region (24, 10)",318407,0,terrain_rock_wg_09
"dagon urul region (24, 10)",318408,0,terrain_rock_wg_05
"dagon urul region (24, 10)",318409,0,terrain_rock_wg_07
"dagon urul region (24, 10)",318410,0,terrain_rock_wg_05
"dagon urul region (24, 10)",318411,0,terrain_rock_wg_17
"dagon urul region (24, 10)",318417,0,terrain_rock_ac_04
"dagon urul region (24, 10)",318421,0,terrain_rock_ac_10
"dagon urul region (24, 10)",318422,0,terrain_rock_ac_08
"dagon urul region (24, 10)",318424,0,flora_tree_ac_04
"dagon urul region (24, 10)",318432,0,terrain_rock_ac_12
"dagon urul region (24, 10)",318433,0,terrain_rock_ac_07
"dagon urul region (24, 10)",318434,0,terrain_rock_ac_11
"dagon urul region (24, 10)",318451,0,flora_tree_ac_03
"dagon urul region (24, 10)",318452,0,terrain_rock_ac_12
"dagon urul region (24, 10)",318453,0,terrain_rock_ac_08
"dagon urul region (24, 10)",318454,0,terrain_rock_ac_04
"dagon urul region (24, 10)",318457,0,terrain_rock_ac_04
"dagon urul region (24, 10)",318459,0,terrain_rock_ac_03
"dagon urul region (24, 10)",318464,0,terrain_rock_ac_12
"dagon urul region (24, 10)",318465,0,terrain_rock_ac_07
"dagon urul region (24, 10)",318466,0,flora_tree_ac_01
"dagon urul region (24, 10)",318467,0,flora_tree_ac_04
"dagon urul region (24, 10)",318469,0,terrain_rock_ac_09
"dagon urul region (24, 10)",318470,0,flora_tree_ac_03
"dagon urul region (24, 10)",318476,0,terrain_rock_ac_10
"dagon urul region (24, 10)",318482,0,terrain_rock_ac_10
"dagon urul region (24, 10)",318483,0,terrain_rock_ac_12
"dagon urul region (24, 10)",318486,0,terrain_rock_ac_07
"dagon urul region (24, 10)",318492,0,flora_tree_ac_01
"dagon urul region (24, 10)",318493,0,flora_tree_ac_04
"dagon urul region (24, 10)",318495,0,terrain_rock_ac_02
"dagon urul region (24, 10)",318501,0,flora_tree_ac_03
"dagon urul region (24, 10)",318502,0,flora_tree_ac_02
"dagon urul region (24, 10)",318503,0,flora_tree_ac_01
"dagon urul region (24, 10)",318504,0,terrain_rock_ac_07
"dagon urul region (24, 10)",318511,0,flora_tree_ac_01
"dagon urul region (24, 10)",318512,0,flora_tree_ac_02
"helnim (25, 1)",35264,0,terrain_rock_ac_07
"helnim (25, 1)",35275,0,terrain_rock_ac_06
"helnim (25, 1)",35276,0,terrain_rock_ac_12
"helnim (25, 1)",35310,0,ex_nord_doorrocks_01
"helnim (25, 1)",35311,0,terrain_rock_ac_09
"helnim (25, 1)",35334,0,terrain_rock_ac_09
"helnim (25, 1)",35340,0,terrain_rock_ac_04
"helnim (25, 1)",35364,0,terrain_rock_ac_11
"helnim (25, 1)",35368,0,terrain_rock_ac_09
"helnim (25, 1)",35386,0,terrain_rock_ac_09
"helnim (25, 1)",35389,0,flora_tree_ac_01
"helnim (25, 1)",35390,0,terrain_rock_ac_08
"helnim (25, 1)",35394,0,ex_t_rock_coastal_03
"helnim (25, 1)",35395,0,ex_t_rock_coastal_02
"helnim (25, 1)",35396,0,ex_t_rock_coastal_01
"helnim (25, 1)",35397,0,ex_t_rock_coastal_02
"helnim (25, 1)",35398,0,ex_t_rock_coastal_02
"helnim (25, 1)",35399,0,terrain_rock_ac_10
"helnim (25, 1)",35410,0,terrain_rock_ac_09
"helnim (25, 1)",35416,0,terrain_rock_ac_07
"helnim (25, 1)",35418,0,terrain_rock_ac_02
"helnim (25, 1)",35419,0,flora_tree_ac_02
"helnim (25, 1)",35425,0,flora_tree_ac_02
"helnim (25, 1)",35430,0,flora_tree_ac_02
"helnim (25, 1)",35431,0,flora_tree_ac_01
"helnim (25, 1)",35437,0,terrain_rock_ac_11
"helnim (25, 1)",35449,0,terrain_rock_ac_10
"helnim (25, 1)",35452,0,terrain_rock_ac_04
"helnim (25, 1)",35610,0,terrain_rock_ac_10
"helnim (25, 1)",35611,0,terrain_rock_ac_01
"helnim (25, 1)",35651,0,flora_tree_ac_02
"helnim (25, 1)",35652,0,terrain_rock_ac_12
"helnim (25, 1)",35653,0,terrain_rock_ac_09
"helnim (25, 1)",35656,0,terrain_rock_ac_09
"helnim (25, 1)",35657,0,terrain_rock_ac_09
"helnim (25, 1)",35658,0,terrain_rock_ac_08
"helnim (25, 1)",35659,0,terrain_rock_ac_01
"helnim (25, 1)",35660,0,terrain_rock_ac_12
"helnim (25, 1)",35661,0,terrain_rock_ac_07
"helnim (25, 1)",35662,0,flora_tree_ac_04
"helnim (25, 1)",35663,0,flora_tree_ac_01
"helnim (25, 1)",35664,0,flora_tree_ac_02
"helnim (25, 1)",35671,0,terrain_rock_ac_10
"helnim (25, 1)",35672,0,terrain_rock_ac_10
"helnim (25, 1)",35690,0,terrain_rock_ac_12
"helnim (25, 1)",35691,0,terrain_rock_ac_09
"helnim (25, 1)",35692,0,terrain_rock_ac_12
"dagon urul region (25, 2)",42688,0,terrain_rock_ac_09
"dagon urul region (25, 2)",42689,0,terrain_rock_ac_07
"dagon urul region (25, 2)",42690,0,terrain_rock_ac_11
"dagon urul region (25, 2)",42692,0,terrain_rock_ac_12
"dagon urul region (25, 2)",42693,0,terrain_rock_ac_09
"dagon urul region (25, 2)",42694,0,terrain_rock_ac_08
"dagon urul region (25, 2)",42699,0,ex_t_rock_coastal_01
"dagon urul region (25, 2)",42700,0,ex_t_rock_coastal_02
"dagon urul region (25, 2)",42701,0,ex_t_rock_coastal_02
"dagon urul region (25, 2)",42702,0,ex_t_rock_coastal_02
"dagon urul region (25, 2)",42703,0,ex_t_rock_coastal_02
"dagon urul region (25, 2)",42704,0,ex_t_rock_coastal_02
"dagon urul region (25, 2)",42705,0,ex_t_rock_coastal_02
"dagon urul region (25, 2)",42706,0,ex_t_rock_coastal_02
"dagon urul region (25, 2)",42707,0,ex_t_rock_coastal_02
"dagon urul region (25, 2)",42708,0,ex_t_rock_coastal_02
"dagon urul region (25, 2)",42709,0,ex_t_rock_coastal_02
"dagon urul region (25, 2)",42710,0,ex_t_rock_coastal_02
"dagon urul region (25, 2)",42711,0,ex_t_rock_coastal_02
"dagon urul region (25, 2)",42717,0,terrain_rock_ac_08
"dagon urul region (25, 2)",42718,0,terrain_rock_ac_01
"dagon urul region (25, 2)",42719,0,terrain_rock_ac_07
"dagon urul region (25, 2)",42721,0,terrain_rock_ac_10
"dagon urul region (25, 2)",42722,0,terrain_rock_ac_07
"dagon urul region (25, 2)",42723,0,terrain_rock_ac_07
"dagon urul region (25, 2)",42724,0,terrain_rock_ac_09
"dagon urul region (25, 2)",42729,0,terrain_rock_ac_07
"dagon urul region (25, 2)",42730,0,terrain_rock_ac_12
"dagon urul region (25, 2)",42731,0,terrain_rock_ac_07
"dagon urul region (25, 2)",42732,0,flora_tree_ac_01
"dagon urul region (25, 2)",42733,0,flora_tree_ac_02
"dagon urul region (25, 2)",42755,0,terrain_rock_ac_08
"dagon urul region (25, 2)",42756,0,terrain_rock_ac_07
"dagon urul region (25, 2)",42757,0,terrain_rock_ac_12
"dagon urul region (25, 2)",42760,0,flora_tree_ac_04
"dagon urul region (25, 2)",42766,0,terrain_rock_ac_11
"dagon urul region (25, 2)",42767,0,terrain_rock_ac_01
"dagon urul region (25, 2)",42774,0,terrain_rock_ac_11
"dagon urul region (25, 2)",42775,0,terrain_rock_ac_09
"dagon urul region (25, 3)",42395,0,terrain_rock_wg_12
"dagon urul region (25, 3)",42396,0,terrain_rocks_wg_01
"dagon urul region (25, 3)",42405,0,ex_t_rock_coastal_02
"dagon urul region (25, 3)",42406,0,ex_t_rock_coastal_02
"dagon urul region (25, 3)",42407,0,ex_t_rock_coastal_02
"dagon urul region (25, 3)",42416,0,terrain_rock_ac_12
"dagon urul region (25, 3)",42417,0,terrain_rock_ac_06
"dagon urul region (25, 3)",42418,0,terrain_rock_ac_12
"dagon urul region (25, 3)",42419,0,terrain_rock_ac_06
"dagon urul region (25, 3)",42420,0,terrain_rock_ac_05
"dagon urul region (25, 3)",42421,0,terrain_rock_ac_05
"dagon urul region (25, 3)",42422,0,terrain_rock_ac_06
"dagon urul region (25, 3)",42423,0,terrain_rock_ac_12
"dagon urul region (25, 3)",42424,0,terrain_rock_ac_12
"dagon urul region (25, 3)",42425,0,terrain_rock_ac_06
"dagon urul region (25, 3)",42430,0,terrain_rock_wg_12
"dagon urul region (25, 3)",42432,0,ex_t_rock_coastal_02
"dagon urul region (25, 3)",42433,0,terrain_rock_ac_06
"dagon urul region (25, 3)",42434,0,terrain_rock_ac_05
"dagon urul region (25, 3)",42435,0,terrain_rock_ac_05
"dagon urul region (25, 3)",42446,0,flora_tree_ac_02
"dagon urul region (25, 3)",42447,0,flora_tree_ac_04
"dagon urul region (25, 3)",42448,0,flora_tree_ac_02
"dagon urul region (25, 3)",42449,0,flora_tree_ac_03
"dagon urul region (25, 3)",42450,0,flora_tree_ac_02
"dagon urul region (25, 3)",42460,0,flora_tree_ac_01
"dagon urul region (25, 3)",42461,0,flora_tree_ac_01
"dagon urul region (25, 3)",42462,0,flora_tree_ac_01
"dagon urul region (25, 3)",42463,0,flora_tree_ac_02
"dagon urul region (25, 3)",42464,0,flora_tree_ac_02
"dagon urul region (25, 3)",42465,0,flora_tree_ac_02
"dagon urul region (25, 3)",42466,0,flora_tree_ac_02
"dagon urul region (25, 3)",42467,0,flora_tree_ac_02
"dagon urul region (25, 3)",42476,0,terrain_rock_wg_02
"dagon urul region (25, 3)",42478,0,terrain_rock_ac_10
"dagon urul region (25, 3)",42479,0,terrain_rock_ac_11
"dagon urul region (25, 3)",42480,0,terrain_rock_ac_04
"dagon urul region (25, 3)",42481,0,terrain_rock_ac_04
"dagon urul region (25, 3)",42482,0,terrain_rock_wg_17
"dagon urul region (25, 3)",42484,0,ex_t_rock_coastal_02
"dagon urul region (25, 3)",42485,0,terrain_rock_wg_09
"dagon urul region (25, 3)",42486,0,terrain_rock_ac_05
"dagon urul region (25, 3)",42487,0,terrain_rock_ac_04
"dagon urul region (25, 3)",42488,0,terrain_rock_ac_09
"dagon urul region (25, 3)",42489,0,terrain_rock_ac_12
"dagon urul region (25, 3)",42490,0,terrain_rock_ac_10
"dagon urul region (25, 3)",42491,0,terrain_rock_ac_04
"dagon urul region (25, 3)",42492,0,terrain_rock_ac_12
"dagon urul region (25, 3)",42493,0,terrain_rock_ac_11
"dagon urul region (25, 3)",42494,0,terrain_rock_ac_04
"dagon urul region (25, 3)",42516,0,terrain_rock_wg_17
"dagon urul region (25, 3)",42519,0,ex_t_rock_coastal_02
"dagon urul region (25, 6)",395318,0,terrain_rock_ac_07
"dagon urul region (25, 6)",395319,0,terrain_rock_ac_07
"dagon urul region (25, 6)",395320,0,terrain_rock_ac_07
"dagon urul region (25, 6)",395321,0,terrain_rock_ac_07
"dagon urul region (25, 6)",395322,0,terrain_rock_ac_10
"dagon urul region (25, 6)",395323,0,terrain_rock_ac_06
"dagon urul region (25, 6)",395324,0,terrain_rock_ac_10
"dagon urul region (25, 6)",395326,0,terrain_rock_ac_04
"dagon urul region (25, 6)",395327,0,terrain_rock_ac_10
"dagon urul region (25, 6)",395328,0,terrain_rock_ac_12
"dagon urul region (25, 6)",395329,0,flora_tree_ac_03
"dagon urul region (25, 6)",395330,0,flora_tree_ac_04
"dagon urul region (25, 6)",395332,0,terrain_rock_ac_06
"dagon urul region (25, 6)",395334,0,terrain_rock_ac_03
"dagon urul region (25, 6)",395335,0,terrain_rock_ac_04
"dagon urul region (25, 6)",395336,0,terrain_rock_ac_04
"dagon urul region (25, 6)",395337,0,terrain_rock_ac_03
"dagon urul region (25, 6)",395342,0,terrain_rock_ac_01
"dagon urul region (25, 6)",395345,0,flora_tree_ac_01
"dagon urul region (25, 6)",395348,0,terrain_rock_ac_10
"dagon urul region (25, 6)",395350,0,terrain_rock_ac_04
"dagon urul region (25, 6)",395351,0,terrain_rock_ac_03
"dagon urul region (25, 6)",395354,0,terrain_rock_ac_12
"dagon urul region (25, 6)",395355,0,terrain_rock_ac_03
"dagon urul region (25, 6)",395359,0,terrain_rock_ac_07
"dagon urul region (25, 6)",395360,0,flora_tree_ac_04
"dagon urul region (25, 6)",395361,0,terrain_rock_ac_11
"dagon urul region (25, 6)",395363,0,terrain_rock_ac_04
"dagon urul region (25, 6)",395364,0,terrain_rock_ac_03
"dagon urul region (25, 6)",395365,0,terrain_rock_ac_05
"dagon urul region (25, 6)",395367,0,terrain_rock_ac_04
"dagon urul region (25, 6)",395368,0,terrain_rock_ac_03
"dagon urul region (25, 6)",395369,0,flora_tree_ac_01
"dagon urul region (25, 6)",395373,0,terrain_rock_ac_03
"dagon urul region (25, 6)",395374,0,terrain_rock_ac_04
"dagon urul region (25, 6)",395377,0,terrain_rock_ac_04
"dagon urul region (25, 6)",395378,0,terrain_rock_ac_02
"dagon urul region (25, 6)",395379,0,terrain_rock_ac_02
"dagon urul region (25, 6)",395385,0,terrain_rock_ac_03
"dagon urul region (25, 6)",395386,0,terrain_rock_ac_04
"dagon urul region (25, 6)",395387,0,terrain_rock_ac_09
"dagon urul region (25, 6)",395388,0,terrain_rock_ac_08
"dagon urul region (25, 6)",395393,0,flora_tree_ac_01
"dagon urul region (25, 6)",395394,0,flora_tree_ac_02
"dagon urul region (25, 6)",395395,0,terrain_rock_ac_11
"dagon urul region (25, 6)",395400,0,terrain_rock_ac_11
"dagon urul region (25, 6)",395401,0,terrain_rock_ac_04
"dagon urul region (25, 6)",395406,0,terrain_rock_ac_12
"dagon urul region (25, 6)",395408,0,terrain_rock_ac_06
"dagon urul region (25, 6)",395413,0,terrain_rock_ac_05
"dagon urul region (25, 6)",395415,0,terrain_rock_ac_10
"dagon urul region (25, 6)",395417,0,flora_tree_ac_01
"dagon urul region (25, 6)",395418,0,flora_tree_ac_02
"dagon urul region (25, 6)",395422,0,terrain_rock_ac_09
"dagon urul region (25, 6)",395423,0,flora_tree_ac_03
"dagon urul region (25, 6)",395426,0,terrain_rock_ac_06
"dagon urul region (25, 6)",395427,0,terrain_rock_ac_04
"dagon urul region (25, 6)",395430,0,terrain_rock_ac_12
"dagon urul region (25, 6)",395431,0,terrain_rock_ac_12
"dagon urul region (25, 6)",395433,0,terrain_rock_ac_10
"dagon urul region (25, 6)",395441,0,terrain_rock_ac_03
"dagon urul region (25, 6)",395442,0,terrain_rock_ac_04
"dagon urul region (25, 6)",395448,0,terrain_rock_ac_03
"dagon urul region (25, 6)",395449,0,terrain_rock_ac_04
"dagon urul region (25, 6)",395455,0,terrain_rock_ac_03
"dagon urul region (25, 6)",395456,0,terrain_rock_ac_02
"dagon urul region (25, 6)",395460,0,flora_tree_ac_04
"dagon urul region (25, 6)",395461,0,flora_tree_ac_03
"dagon urul region (25, 6)",395464,0,terrain_rock_ac_10
"dagon urul region (25, 6)",395468,0,terrain_rock_ac_08
"dagon urul region (25, 6)",395469,0,terrain_rock_ac_06
"dagon urul region (25, 6)",395472,0,terrain_rock_ac_12
"dagon urul region (25, 6)",395473,0,terrain_rock_ac_04
"dagon urul region (25, 6)",395479,0,terrain_rock_ac_10
"dagon urul region (25, 6)",395480,0,terrain_rock_ac_09
"dagon urul region (25, 6)",395481,0,terrain_rock_ac_03
"dagon urul region (25, 6)",395484,0,terrain_rock_ac_10
"dagon urul region (25, 6)",395485,0,terrain_rock_ac_02
"dagon urul region (25, 6)",395487,0,terrain_rock_ac_11
"dagon urul region (25, 6)",395488,0,terrain_rock_ac_10
"dagon urul region (25, 6)",395489,0,terrain_rock_ac_12
"dagon urul region (25, 6)",395490,0,terrain_rock_ac_06
"dagon urul region (25, 6)",395494,0,terrain_rock_ac_10
"dagon urul region (25, 6)",395495,0,terrain_rock_ac_07
"dagon urul region (25, 6)",395496,0,terrain_rock_ac_09
"dagon urul region (25, 6)",395499,0,terrain_rock_ac_10
"dagon urul region (25, 6)",395500,0,terrain_rock_ac_03
"dagon urul region (25, 6)",395501,0,terrain_rock_ac_11
"dagon urul region (25, 6)",395502,0,terrain_rock_ac_07
"dagon urul region (25, 6)",395508,0,flora_tree_ac_03
"dagon urul region (25, 6)",395509,0,terrain_rock_ac_06
"dagon urul region (25, 6)",395510,0,terrain_rock_ac_08
"dagon urul region (25, 6)",395512,0,flora_tree_ac_01
"dagon urul region (25, 7)",395523,0,terrain_rock_wg_09
"dagon urul region (25, 7)",395524,0,terrain_rock_wg_12
"dagon urul region (25, 7)",395525,0,terrain_rock_wg_07
"dagon urul region (25, 7)",395526,0,terrain_rock_wg_09
"dagon urul region (25, 7)",395527,0,terrain_rock_wg_07
"dagon urul region (25, 7)",395532,0,terrain_rock_ac_04
"dagon urul region (25, 7)",395533,0,terrain_rock_ac_01
"dagon urul region (25, 7)",395534,0,terrain_rock_ac_03
"dagon urul region (25, 7)",395535,0,terrain_rock_ac_03
"dagon urul region (25, 7)",395536,0,terrain_rock_ac_05
"dagon urul region (25, 7)",395537,0,terrain_rock_ac_08
"dagon urul region (25, 7)",395538,0,terrain_rock_wg_10
"dagon urul region (25, 7)",395541,0,flora_tree_ac_03
"dagon urul region (25, 7)",395547,0,terrain_rock_ac_03
"dagon urul region (25, 7)",395550,0,terrain_rock_ac_02
"dagon urul region (25, 7)",395551,0,terrain_rock_ac_01
"dagon urul region (25, 7)",395552,0,terrain_rock_ac_01
"dagon urul region (25, 7)",395553,0,terrain_rock_ac_04
"dagon urul region (25, 7)",395554,0,terrain_rock_ac_03
"dagon urul region (25, 7)",395560,0,terrain_rock_ac_07
"dagon urul region (25, 7)",395566,0,terrain_rock_ac_12
"dagon urul region (25, 7)",395567,0,terrain_rock_ac_06
"dagon urul region (25, 7)",395568,0,terrain_rock_ac_08
"dagon urul region (25, 7)",395572,0,terrain_rock_ac_07
"dagon urul region (25, 7)",395573,0,terrain_rock_ac_12
"dagon urul region (25, 7)",395574,0,terrain_rock_ac_03
"dagon urul region (25, 7)",395576,0,flora_tree_ac_01
"dagon urul region (25, 7)",395580,0,terrain_rock_ac_03
"dagon urul region (25, 7)",395581,0,terrain_rock_ac_11
"dagon urul region (25, 7)",395582,0,flora_tree_ac_01
"dagon urul region (25, 7)",395587,0,terrain_rock_ac_12
"dagon urul region (25, 7)",395588,0,terrain_rock_ac_06
"dagon urul region (25, 7)",395593,0,terrain_rock_ac_06
"dagon urul region (25, 7)",395595,0,terrain_rock_ac_03
"dagon urul region (25, 7)",395596,0,terrain_rock_ac_02
"dagon urul region (25, 7)",395597,0,terrain_rock_ac_08
"dagon urul region (25, 7)",395598,0,terrain_rock_ac_06
"dagon urul region (25, 7)",395599,0,terrain_rock_ac_08
"dagon urul region (25, 7)",395608,0,terrain_rock_ac_04
"dagon urul region (25, 7)",395609,0,terrain_rock_ac_07
"dagon urul region (25, 7)",395610,0,terrain_rock_ac_03
"dagon urul region (25, 7)",395620,0,flora_tree_ac_02
"dagon urul region (25, 7)",395621,0,flora_tree_ac_02
"dagon urul region (25, 7)",395622,0,flora_tree_ac_04
"dagon urul region (25, 7)",395623,0,terrain_rock_ac_03
"dagon urul region (25, 7)",395624,0,terrain_rock_ac_04
"dagon urul region (25, 7)",395625,0,terrain_rock_ac_07
"dagon urul region (25, 7)",395633,0,flora_tree_ac_03
"dagon urul region (25, 7)",395634,0,flora_tree_ac_03
"dagon urul region (25, 7)",395637,0,terrain_rock_ac_05
"dagon urul region (25, 7)",395638,0,terrain_rock_ac_02
"dagon urul region (25, 7)",395640,0,terrain_rock_ac_06
"dagon urul region (25, 7)",395641,0,terrain_rock_ac_07
"dagon urul region (25, 7)",395642,0,terrain_rock_ac_08
"dagon urul region (25, 7)",395644,0,terrain_rock_ac_04
"dagon urul region (25, 7)",395650,0,flora_tree_ac_02
"dagon urul region (25, 7)",395652,0,terrain_rock_ac_09
"dagon urul region (25, 7)",395653,0,terrain_rock_ac_06
"dagon urul region (25, 7)",395654,0,terrain_rock_ac_07
"dagon urul region (25, 7)",395657,0,terrain_rock_ac_10
"dagon urul region (25, 7)",395658,0,terrain_rock_ac_12
"dagon urul region (25, 7)",395659,0,terrain_rock_ac_05
"dagon urul region (25, 7)",395660,0,terrain_rock_ac_03
"dagon urul region (25, 7)",395661,0,terrain_rock_ac_11
"dagon urul region (25, 7)",395667,0,terrain_rock_ac_06
"dagon urul region (25, 7)",395669,0,terrain_rock_ac_07
"dagon urul region (25, 7)",395671,0,flora_tree_ac_03
"dagon urul region (25, 7)",395672,0,flora_tree_ac_03
"dagon urul region (25, 7)",395678,0,terrain_rock_ac_03
"dagon urul region (25, 7)",395679,0,terrain_rock_ac_02
"dagon urul region (25, 7)",395681,0,terrain_rock_ac_03
"dagon urul region (25, 7)",395683,0,terrain_rock_ac_10
"dagon urul region (25, 7)",395684,0,terrain_rock_ac_04
"dagon urul region (25, 7)",395685,0,terrain_rock_ac_03
"dagon urul region (25, 7)",395692,0,terrain_rock_ac_09
"dagon urul region (25, 7)",395693,0,terrain_rock_ac_07
"dagon urul region (25, 7)",395704,0,flora_tree_ac_01
"dagon urul region (25, 7)",395705,0,flora_tree_ac_03
"dagon urul region (25, 7)",395710,0,terrain_rock_ac_07
"dagon urul region (25, 7)",395711,0,terrain_rock_ac_12
"dagon urul region (25, 8)",294387,0,terrain_rock_wg_10
"dagon urul region (25, 8)",294388,0,terrain_rock_wg_07
"dagon urul region (25, 8)",294389,0,terrain_rock_wg_02
"dagon urul region (25, 8)",294390,0,terrain_rock_wg_01
"dagon urul region (25, 8)",294391,0,terrain_rock_wg_09
"dagon urul region (25, 8)",294392,0,terrain_rocks_wg_03
"dagon urul region (25, 8)",294393,0,terrain_rock_wg_12
"dagon urul region (25, 8)",294394,0,terrain_rocks_wg_01
"dagon urul region (25, 8)",294395,0,flora_tree_wg_03
"dagon urul region (25, 8)",294396,0,terrain_rock_wg_10
"dagon urul region (25, 8)",294397,0,terrain_rock_wg_07
"dagon urul region (25, 8)",294398,0,terrain_rock_wg_01
"dagon urul region (25, 8)",294399,0,terrain_rock_wg_10
"dagon urul region (25, 8)",294400,0,terrain_rock_wg_10
"dagon urul region (25, 8)",294401,0,terrain_rock_wg_12
"dagon urul region (25, 8)",294402,0,terrain_rock_wg_08
"dagon urul region (25, 8)",294403,0,terrain_rock_wg_05
"dagon urul region (25, 8)",294404,0,terrain_rock_wg_09
"dagon urul region (25, 8)",294405,0,terrain_rock_wg_10
"dagon urul region (25, 8)",294406,0,terrain_rock_wg_05
"dagon urul region (25, 8)",294407,0,terrain_rock_wg_18
"dagon urul region (25, 8)",294408,0,terrain_rock_wg_01
"dagon urul region (25, 8)",294409,0,terrain_rock_wg_18
"dagon urul region (25, 8)",294412,0,flora_tree_wg_07
"dagon urul region (25, 8)",294413,0,terrain_rock_wg_07
"dagon urul region (25, 8)",294414,0,terrain_rock_wg_10
"dagon urul region (25, 8)",294415,0,terrain_rock_wg_10
"dagon urul region (25, 8)",294416,0,terrain_rock_wg_12
"dagon urul region (25, 8)",294418,0,terrain_rock_wg_17
"dagon urul region (25, 8)",294419,0,terrain_rock_wg_17
"dagon urul region (25, 8)",294420,0,terrain_rock_wg_18
"dagon urul region (25, 8)",294421,0,terrain_rock_wg_14
"dagon urul region (25, 8)",294422,0,terrain_rock_wg_02
"dagon urul region (25, 8)",294425,0,terrain_rock_ac_11
"dagon urul region (25, 8)",294426,0,terrain_rock_ac_07
"dagon urul region (25, 8)",294432,0,flora_tree_ac_02
"dagon urul region (25, 8)",294433,0,flora_tree_ac_01
"dagon urul region (25, 8)",294438,0,terrain_rock_ac_10
"dagon urul region (25, 8)",294439,0,terrain_rock_ac_12
"dagon urul region (25, 8)",294441,0,flora_tree_ac_01
"dagon urul region (25, 8)",294442,0,flora_tree_ac_02
"dagon urul region (25, 8)",294443,0,flora_tree_ac_02
"dagon urul region (25, 8)",294444,0,terrain_rock_ac_07
"dagon urul region (25, 8)",294445,0,terrain_rock_ac_04
"dagon urul region (25, 8)",294446,0,terrain_rock_ac_03
"dagon urul region (25, 8)",294449,0,terrain_rock_ac_06
"onimushili (25, 9)",348936,0,terrain_rock_wg_07
"onimushili (25, 9)",348937,0,terrain_rock_wg_10
"onimushili (25, 9)",348938,0,terrain_rock_wg_10
"onimushili (25, 9)",348939,0,terrain_rock_wg_10
"onimushili (25, 9)",348940,0,terrain_rock_wg_12
"onimushili (25, 9)",348941,0,terrain_rock_wg_12
"onimushili (25, 9)",348942,0,terrain_rock_wg_10
"onimushili (25, 9)",348943,0,terrain_rock_wg_08
"onimushili (25, 9)",348944,0,terrain_rocks_wg_04
"onimushili (25, 9)",348945,0,terrain_rocks_wg_04
"onimushili (25, 9)",348946,0,terrain_rock_wg_07
"onimushili (25, 9)",348947,0,terrain_rock_wg_17
"onimushili (25, 9)",348948,0,terrain_rocks_wg_02
"onimushili (25, 9)",348949,0,flora_tree_wg_02
"onimushili (25, 9)",348950,0,terrain_rock_wg_05
"onimushili (25, 9)",348951,0,terrain_rock_wg_07
"onimushili (25, 9)",348952,0,terrain_rocks_wg_01
"onimushili (25, 9)",348953,0,terrain_rocks_wg_03
"onimushili (25, 9)",348954,0,terrain_rock_wg_10
"onimushili (25, 9)",348961,0,terrain_rock_ac_10
"onimushili (25, 9)",348962,0,terrain_rock_ac_08
"onimushili (25, 9)",348963,0,terrain_rock_ac_07
"onimushili (25, 9)",348966,0,terrain_rock_ac_12
"onimushili (25, 9)",348967,0,terrain_rock_ac_06
"onimushili (25, 9)",349034,0,flora_tree_ac_03
"onimushili (25, 9)",349035,0,terrain_rock_ac_09
"onimushili (25, 9)",349036,0,terrain_rock_ac_03
"onimushili (25, 9)",349042,0,terrain_rock_ac_04
"onimushili (25, 9)",349043,0,flora_tree_ac_01
"onimushili (25, 9)",349044,0,terrain_rock_ac_12
"onimushili (25, 9)",349045,0,terrain_rock_ac_06
"onimushili (25, 9)",349050,0,flora_tree_ac_04
"onimushili (25, 9)",349051,0,terrain_rock_ac_04
"onimushili (25, 9)",349063,0,flora_tree_ac_01
"onimushili (25, 9)",349065,0,terrain_rock_ac_03
"onimushili (25, 9)",349070,0,flora_tree_ac_02
"onimushili (25, 9)",349071,0,flora_tree_ac_02
"onimushili (25, 9)",349072,0,terrain_rock_ac_04
"onimushili (25, 9)",349079,0,terrain_rock_ac_04
"onimushili (25, 9)",349080,0,terrain_rock_ac_02
"onimushili (25, 9)",349084,0,flora_tree_ac_02
"onimushili (25, 9)",349085,0,flora_tree_ac_04
"onimushili (25, 9)",349089,0,terrain_rock_ac_08
"onimushili (25, 9)",349093,0,terrain_rock_ac_12
"onimushili (25, 9)",349094,0,terrain_rock_ac_11
"onimushili (25, 9)",349096,0,terrain_rock_ac_12
"onimushili (25, 9)",349097,0,terrain_rock_ac_11
"onimushili (25, 9)",349099,0,terrain_rock_ac_03
"onimushili (25, 9)",349103,0,flora_tree_ac_01
"onimushili (25, 9)",349104,0,terrain_rock_ac_07
"dagon urul region (26, 2)",42817,0,terrain_rock_wg_12
"dagon urul region (26, 2)",42850,0,terrain_rock_wg_02
"dagon urul region (26, 2)",42868,0,terrain_rocks_wg_03
"dagon urul region (26, 2)",42869,0,terrain_rock_wg_02
"dagon urul region (26, 2)",42876,0,terrain_rock_ac_11
"dagon urul region (26, 2)",42877,0,terrain_rock_ac_08
"dagon urul region (26, 2)",42878,0,flora_tree_ac_02
"dagon urul region (26, 2)",42883,0,ex_t_rock_coastal_02
"dagon urul region (26, 2)",42884,0,ex_t_rock_coastal_02
"dagon urul region (26, 2)",42885,0,terrain_rock_ac_01
"dagon urul region (26, 2)",42886,0,terrain_rock_ac_05
"dagon urul region (26, 2)",42887,0,terrain_rock_ac_09
"dagon urul region (26, 2)",42888,0,terrain_rock_ac_11
"dagon urul region (26, 2)",42889,0,terrain_rock_ac_05
"dagon urul region (26, 2)",42894,0,terrain_rock_ac_11
"dagon urul region (26, 2)",42895,0,terrain_rock_ac_05
"dagon urul region (26, 2)",42899,0,ex_t_rock_coastal_02
"dagon urul region (26, 2)",42900,0,ex_t_rock_coastal_02
"dagon urul region (26, 2)",42901,0,ex_t_rock_coastal_02
"dagon urul region (26, 2)",42903,0,ex_t_rock_coastal_02
"dagon urul region (26, 2)",42904,0,ex_t_rock_coastal_02
"dagon urul region (26, 2)",42905,0,terrain_rock_ac_09
"dagon urul region (26, 2)",42906,0,terrain_rock_ac_02
"dagon urul region (26, 2)",42907,0,terrain_rock_ac_04
"dagon urul region (26, 2)",42908,0,terrain_rock_ac_04
"dagon urul region (26, 2)",42910,0,terrain_rock_ac_06
"dagon urul region (26, 2)",42911,0,terrain_rock_ac_04
"dagon urul region (26, 2)",42912,0,terrain_rock_ac_11
"dagon urul region (26, 2)",42913,0,terrain_rock_ac_04
"dagon urul region (26, 2)",42914,0,terrain_rock_ac_04
"dagon urul region (26, 2)",42915,0,terrain_rock_ac_06
"dagon urul region (26, 2)",42916,0,terrain_rock_ac_06
"dagon urul region (26, 2)",42917,0,terrain_rock_ac_01
"dagon urul region (26, 2)",42918,0,terrain_rock_ac_06
"dagon urul region (26, 2)",42919,0,terrain_rock_ac_04
"dagon urul region (26, 2)",42920,0,terrain_rocks_wg_03
"dagon urul region (26, 2)",42921,0,flora_tree_wg_02
"dagon urul region (26, 2)",42922,0,terrain_rock_wg_02
"dagon urul region (26, 2)",42923,0,terrain_rocks_wg_03
"dagon urul region (26, 2)",42927,0,terrain_rock_ac_06
"dagon urul region (26, 2)",42931,0,terrain_rock_wg_02
"dagon urul region (26, 2)",42932,0,terrain_rock_ac_04
"dagon urul region (26, 2)",42933,0,terrain_rock_ac_06
"dagon urul region (26, 2)",42936,0,terrain_rock_ac_04
"dagon urul region (26, 2)",42937,0,terrain_rock_wg_05
"dagon urul region (26, 2)",42941,0,flora_tree_ac_03
"dagon urul region (26, 2)",42942,0,flora_tree_ac_02
"dagon urul region (26, 2)",42943,0,flora_tree_ac_02
"dagon urul region (26, 2)",42944,0,terrain_rock_ac_04
"dagon urul region (26, 2)",42945,0,terrain_rock_ac_01
"dagon urul region (26, 2)",42946,0,terrain_rock_ac_06
"dagon urul region (26, 2)",42947,0,flora_tree_ac_02
"dagon urul region (26, 2)",42948,0,flora_tree_ac_03
"dagon urul region (26, 2)",42952,0,flora_tree_ac_03
"dagon urul region (26, 2)",42953,0,flora_tree_ac_02
"dagon urul region (26, 2)",42959,0,terrain_rock_wg_17
"dagon urul region (26, 3)",426630,0,terrain_rock_wg_08
"dagon urul region (26, 3)",426631,0,terrain_rock_wg_15
"dagon urul region (26, 3)",426632,0,terrain_rock_wg_02
"dagon urul region (26, 3)",426633,0,terrain_rock_wg_08
"dagon urul region (26, 3)",426634,0,terrain_rock_wg_08
"dagon urul region (26, 3)",426635,0,flora_tree_wg_06
"dagon urul region (26, 3)",426636,0,flora_tree_wg_05
"dagon urul region (26, 3)",426641,0,flora_tree_wg_08
"dagon urul region (26, 3)",426642,0,terrain_rock_wg_02
"dagon urul region (26, 3)",426643,0,terrain_rock_wg_01
"dagon urul region (26, 3)",426644,0,terrain_rock_wg_08
"dagon urul region (26, 3)",426645,0,terrain_rock_wg_10
"dagon urul region (26, 3)",426646,0,terrain_rock_wg_10
"dagon urul region (26, 3)",426647,0,terrain_rock_wg_10
"dagon urul region (26, 3)",426652,0,terrain_rock_wg_10
"dagon urul region (26, 3)",426653,0,terrain_rock_wg_08
"dagon urul region (26, 3)",426654,0,terrain_rock_wg_12
"dagon urul region (26, 3)",426655,0,terrain_rock_wg_08
"dagon urul region (26, 3)",426656,0,terrain_rocks_wg_03
"dagon urul region (26, 3)",426657,0,terrain_rocks_wg_03
"dagon urul region (26, 3)",426658,0,terrain_rocks_wg_03
"dagon urul region (26, 3)",426659,0,terrain_rocks_wg_03
"dagon urul region (26, 3)",426660,0,terrain_rock_wg_12
"dagon urul region (26, 3)",426661,0,terrain_rock_wg_08
"dagon urul region (26, 3)",426662,0,terrain_rock_wg_08
"dagon urul region (26, 3)",426663,0,terrain_rock_wg_08
"dagon urul region (26, 3)",426664,0,terrain_rock_wg_08
"dagon urul region (26, 3)",426665,0,terrain_rock_wg_08
"dagon urul region (26, 3)",426666,0,terrain_rock_wg_01
"dagon urul region (26, 3)",426667,0,terrain_rock_wg_02
"dagon urul region (26, 3)",426668,0,terrain_rock_wg_02
"dagon urul region (26, 3)",426669,0,terrain_rock_wg_01
"dagon urul region (26, 3)",426670,0,terrain_rock_wg_02
"dagon urul region (26, 3)",426671,0,terrain_rock_wg_02
"dagon urul region (26, 3)",426672,0,terrain_rock_wg_01
"dagon urul region (26, 3)",426673,0,terrain_rock_wg_02
"dagon urul region (26, 3)",426674,0,terrain_rock_wg_02
"dagon urul region (26, 3)",426675,0,terrain_rock_wg_02
"dagon urul region (26, 3)",426676,0,terrain_rock_wg_02
"dagon urul region (26, 3)",426677,0,flora_tree_wg_04
"dagon urul region (26, 3)",426678,0,flora_tree_wg_06
"dagon urul region (26, 3)",426679,0,terrain_rock_wg_08
"dagon urul region (26, 3)",426680,0,flora_tree_wg_01
"dagon urul region (26, 3)",426687,0,terrain_rock_wg_12
"dagon urul region (26, 3)",426688,0,terrain_rock_wg_08
"dagon urul region (26, 3)",426689,0,terrain_rock_ac_05
"dagon urul region (26, 3)",426690,0,terrain_rock_ac_06
"dagon urul region (26, 3)",426692,0,terrain_rock_wg_05
"dagon urul region (26, 3)",426693,0,terrain_rock_wg_01
"dagon urul region (26, 3)",426695,0,terrain_rocks_wg_01
"dagon urul region (26, 3)",426697,0,terrain_rock_wg_01
"dagon urul region (26, 3)",426698,0,terrain_rock_wg_02
"dagon urul region (26, 3)",426699,0,terrain_rock_wg_02
"dagon urul region (26, 3)",426700,0,terrain_rock_wg_01
"dagon urul region (26, 3)",426701,0,terrain_rock_wg_05
"dagon urul region (26, 3)",426706,0,flora_tree_ac_02
"dagon urul region (26, 3)",426711,0,terrain_rock_wg_01
"dagon urul region (26, 6)",395719,0,terrain_rock_wg_08
"dagon urul region (26, 6)",395720,0,terrain_rock_wg_10
"dagon urul region (26, 6)",395721,0,terrain_rock_wg_10
"dagon urul region (26, 6)",395722,0,terrain_rock_wg_02
"dagon urul region (26, 6)",395723,0,terrain_rock_wg_05
"dagon urul region (26, 6)",395724,0,terrain_rock_wg_05
"dagon urul region (26, 6)",395725,0,terrain_rock_wg_12
"dagon urul region (26, 6)",395726,0,terrain_rock_wg_12
"dagon urul region (26, 6)",395727,0,terrain_rock_wg_08
"dagon urul region (26, 6)",395728,0,terrain_rock_wg_10
"dagon urul region (26, 6)",395729,0,terrain_rock_wg_16
"dagon urul region (26, 6)",395730,0,terrain_rock_wg_17
"dagon urul region (26, 6)",395731,0,terrain_rock_wg_18
"dagon urul region (26, 6)",395732,0,terrain_rock_wg_14
"dagon urul region (26, 6)",395735,0,terrain_rock_wg_08
"dagon urul region (26, 6)",395736,0,terrain_rocks_wg_01
"dagon urul region (26, 6)",395737,0,terrain_rocks_wg_01
"dagon urul region (26, 6)",395738,0,flora_tree_wg_07
"dagon urul region (26, 6)",395739,0,terrain_rocks_wg_01
"dagon urul region (26, 6)",395740,0,flora_tree_wg_01
"dagon urul region (26, 6)",395741,0,terrain_rocks_wg_01
"dagon urul region (26, 6)",395742,0,terrain_rocks_wg_01
"dagon urul region (26, 6)",395743,0,terrain_rocks_wg_01
"dagon urul region (26, 6)",395744,0,terrain_rocks_wg_01
"dagon urul region (26, 6)",395745,0,terrain_rocks_wg_01
"dagon urul region (26, 6)",395746,0,terrain_rocks_wg_01
"dagon urul region (26, 6)",395747,0,terrain_rocks_wg_01
"dagon urul region (26, 6)",395748,0,terrain_rocks_wg_01
"dagon urul region (26, 6)",395749,0,terrain_rocks_wg_01
"dagon urul region (26, 6)",395750,0,terrain_rock_wg_02
"dagon urul region (26, 6)",395751,0,terrain_rock_wg_05
"dagon urul region (26, 6)",395752,0,terrain_rock_wg_01
"dagon urul region (26, 6)",395774,0,terrain_rocks_wg_01
"dagon urul region (26, 6)",395775,0,terrain_rocks_wg_01
"dagon urul region (26, 6)",395776,0,terrain_rocks_wg_01
"dagon urul region (26, 6)",395779,0,terrain_rock_ac_08
"dagon urul region (26, 6)",395780,0,terrain_rock_ac_09
"dagon urul region (26, 6)",395782,0,terrain_rock_ac_08
"dagon urul region (26, 6)",395783,0,terrain_rock_ac_06
"dagon urul region (26, 6)",395787,0,terrain_rock_ac_05
"dagon urul region (26, 6)",395789,0,terrain_rock_ac_11
"dagon urul region (26, 6)",395791,0,terrain_rock_ac_08
"dagon urul region (26, 6)",395792,0,terrain_rock_ac_11
"dagon urul region (26, 6)",395794,0,terrain_rock_ac_07
"dagon urul region (26, 6)",395795,0,flora_tree_ac_04
"dagon urul region (26, 6)",395803,0,terrain_rock_ac_12
"dagon urul region (26, 6)",395804,0,terrain_rock_ac_12
"dagon urul region (26, 6)",395806,0,terrain_rock_ac_12
"dagon urul region (26, 6)",395807,0,terrain_rock_ac_08
"dagon urul region (26, 6)",395816,0,terrain_rock_ac_03
"dagon urul region (26, 6)",395817,0,terrain_rock_ac_05
"dagon urul region (26, 6)",395818,0,terrain_rock_ac_06
"dagon urul region (26, 6)",395819,0,terrain_rock_ac_10
"dagon urul region (26, 6)",395820,0,terrain_rock_ac_11
"dagon urul region (26, 6)",395821,0,terrain_rock_ac_09
"dagon urul region (26, 6)",395822,0,terrain_rock_ac_03
"dagon urul region (26, 6)",395823,0,flora_tree_ac_02
"dagon urul region (26, 6)",395824,0,flora_tree_ac_02
"dagon urul region (26, 6)",395825,0,terrain_rock_ac_08
"dagon urul region (26, 6)",395826,0,terrain_rock_ac_06
"dagon urul region (26, 6)",395827,0,terrain_rock_ac_03
"dagon urul region (26, 6)",395828,0,terrain_rock_ac_06
"dagon urul region (26, 6)",395829,0,terrain_rock_wg_05
"dagon urul region (26, 7)",395833,0,terrain_rock_wg_08
"dagon urul region (26, 7)",395834,0,terrain_rock_wg_12
"dagon urul region (26, 7)",395835,0,terrain_rock_wg_07
"dagon urul region (26, 7)",395836,0,terrain_rock_wg_10
"dagon urul region (26, 7)",395837,0,flora_tree_wg_01
"dagon urul region (26, 7)",395838,0,flora_tree_wg_04
"dagon urul region (26, 7)",395839,0,flora_tree_wg_08
"dagon urul region (26, 7)",395840,0,flora_tree_wg_05
"dagon urul region (26, 7)",395841,0,flora_tree_wg_06
"dagon urul region (26, 7)",395842,0,flora_tree_wg_06
"dagon urul region (26, 7)",395843,0,flora_tree_wg_03
"dagon urul region (26, 7)",395844,0,terrain_rocks_wg_01
"dagon urul region (26, 7)",395845,0,terrain_rocks_wg_01
"dagon urul region (26, 7)",395846,0,terrain_rocks_wg_01
"dagon urul region (26, 7)",395847,0,terrain_rocks_wg_01
"dagon urul region (26, 7)",395848,0,terrain_rocks_wg_01
"dagon urul region (26, 7)",395849,0,terrain_rock_wg_09
"dagon urul region (26, 7)",395850,0,terrain_rock_wg_07
"dagon urul region (26, 7)",395851,0,terrain_rock_wg_09
"dagon urul region (26, 7)",395852,0,terrain_rock_wg_08
"dagon urul region (26, 7)",395853,0,terrain_rock_wg_08
"dagon urul region (26, 7)",395854,0,terrain_rock_wg_09
"dagon urul region (26, 7)",395855,0,terrain_rock_wg_07
"dagon urul region (26, 7)",395856,0,terrain_rock_wg_10
"dagon urul region (26, 7)",395857,0,flora_tree_wg_01
"dagon urul region (26, 7)",395858,0,terrain_rock_wg_17
"dagon urul region (26, 7)",395859,0,terrain_rock_wg_08
"dagon urul region (26, 7)",395860,0,terrain_rock_wg_09
"dagon urul region (26, 7)",395861,0,terrain_rock_wg_08
"dagon urul region (26, 7)",395862,0,terrain_rock_wg_08
"dagon urul region (26, 7)",395863,0,terrain_rock_wg_09
"dagon urul region (26, 7)",395864,0,terrain_rock_wg_08
"dagon urul region (26, 7)",395865,0,terrain_rock_wg_09
"dagon urul region (26, 7)",395867,0,terrain_rock_wg_09
"dagon urul region (26, 7)",395868,0,terrain_rock_wg_10
"dagon urul region (26, 7)",395869,0,terrain_rocks_wg_04
"dagon urul region (26, 7)",395871,0,terrain_rock_ac_07
"dagon urul region (26, 7)",395872,0,terrain_rock_ac_10
"dagon urul region (26, 7)",395873,0,terrain_rock_ac_12
"dagon urul region (26, 7)",395874,0,terrain_rock_ac_09
"dagon urul region (26, 7)",395878,0,flora_tree_ac_03
"dagon urul region (26, 7)",395879,0,terrain_rock_wg_12
"dagon urul region (26, 7)",395880,0,terrain_rock_ac_06
"dagon urul region (26, 7)",395883,0,terrain_rock_ac_10
"dagon urul region (26, 7)",395884,0,terrain_rock_ac_04
"dagon urul region (26, 7)",395885,0,terrain_rock_ac_03
"dagon urul region (26, 7)",395886,0,terrain_rock_ac_06
"dagon urul region (26, 7)",395887,0,terrain_rock_ac_11
"dagon urul region (26, 7)",395896,0,flora_tree_ac_01
"dagon urul region (26, 7)",395897,0,flora_tree_ac_01
"dagon urul region (26, 7)",395898,0,terrain_rock_ac_09
"dagon urul region (26, 7)",395899,0,terrain_rock_ac_02
"dagon urul region (26, 7)",395900,0,terrain_rock_ac_04
"dagon urul region (26, 7)",395901,0,terrain_rock_ac_03
"dagon urul region (26, 7)",395902,0,terrain_rock_ac_02
"dagon urul region (26, 7)",395903,0,terrain_rock_ac_01
"dagon urul region (26, 7)",395909,0,terrain_rock_ac_05
"dagon urul region (26, 7)",395910,0,terrain_rock_ac_02
"dagon urul region (26, 7)",395911,0,terrain_rock_ac_02
"dagon urul region (26, 7)",395912,0,terrain_rock_ac_03
"dagon urul region (26, 7)",395913,0,terrain_rock_ac_08
"dagon urul region (26, 7)",395918,0,terrain_rock_ac_06
"dagon urul region (26, 7)",395919,0,terrain_rock_ac_02
"dagon urul region (26, 7)",395920,0,terrain_rock_ac_02
"dagon urul region (26, 7)",395921,0,terrain_rock_ac_05
"dagon urul region (26, 7)",395922,0,terrain_rock_ac_05
"dagon urul region (26, 7)",395923,0,terrain_rock_ac_07
"dagon urul region (26, 7)",395924,0,terrain_rock_ac_06
"dagon urul region (26, 7)",395925,0,terrain_rock_ac_08
"dagon urul region (26, 7)",395933,0,terrain_rock_ac_02
"dagon urul region (26, 7)",395934,0,terrain_rock_ac_01
"dagon urul region (26, 7)",395935,0,terrain_rock_ac_01
"dagon urul region (26, 7)",395936,0,terrain_rock_wg_05
"dagon urul region (26, 7)",395939,0,flora_tree_ac_02
"dagon urul region (26, 7)",395940,0,flora_tree_ac_01
"dagon urul region (26, 7)",395941,0,terrain_rock_ac_09
"dagon urul region (26, 7)",395942,0,terrain_rock_ac_02
"dagon urul region (26, 7)",395944,0,terrain_rock_ac_07
"dagon urul region (26, 7)",395949,0,flora_tree_ac_03
"dagon urul region (26, 7)",395950,0,terrain_rock_ac_03
"dagon urul region (26, 7)",395952,0,terrain_rock_ac_08
"dagon urul region (26, 7)",395953,0,terrain_rock_ac_05
"dagon urul region (26, 7)",395960,0,terrain_rock_ac_08
"dagon urul region (26, 7)",395961,0,terrain_rocks_wg_01
"dagon urul region (26, 7)",395962,0,terrain_rocks_wg_03
"dagon urul region (26, 7)",395963,0,terrain_rock_ac_08
"dagon urul region (26, 7)",395967,0,terrain_rock_ac_12
"dagon urul region (26, 7)",395968,0,terrain_rock_wg_05
"dagon urul region (26, 7)",1015941,0,terrain_rocks_wg_03
